0.000,32.650,0.019879
0.001,1160.158,0.024814
0.002,32.821,0.018441
0.003,32.696,0.020445
0.004,119.656,0.015609
0.005,1162.289,0.021707
0.006,123.169,0.018594
0.007,120.943,0.025978
0.008,121.043,0.018708
0.009,121.252,0.031033
0.010,121.287,0.036608
0.011,121.194,0.039774
0.012,121.030,0.025940
0.013,121.365,0.058421
0.014,121.661,0.054452
0.015,121.603,0.066832
0.016,121.485,0.034273
0.017,122.269,0.029845
0.018,122.306,0.041389
0.019,122.073,0.043213
0.020,122.207,0.047997
0.021,122.178,0.043657
0.022,122.172,0.042527
0.023,121.940,0.045972
0.024,122.235,0.027854
0.025,60.492,0.028892
0.026,60.762,0.060612
0.027,60.755,0.170360
0.028,60.745,0.326211
0.029,60.639,0.377497
0.030,60.738,0.397469
0.031,60.637,0.278160
0.032,60.734,0.312903
0.033,60.764,0.316307
0.034,60.867,0.407643
0.035,60.781,0.407144
0.036,60.790,0.515621
0.037,60.505,0.583254
0.038,60.440,0.630855
0.039,60.464,0.499206
0.040,60.398,0.567563
0.041,60.330,0.570561
0.042,60.377,0.629911
0.043,60.469,0.623880
0.044,60.492,0.634630
0.045,60.443,0.671493
0.046,60.397,0.627059
0.047,60.349,0.585542
0.048,60.302,0.551994
0.049,60.239,0.506299
0.050,60.257,0.454787
0.051,60.297,0.492316
0.052,60.148,0.460245
0.053,60.165,0.422217
0.054,60.006,0.422227
0.055,59.952,0.304919
0.056,59.773,0.159955
0.057,59.734,0.153423
0.058,59.733,0.198839
0.059,59.718,0.150079
0.060,59.571,0.105189
0.061,59.667,0.114496
0.062,59.688,0.092004
0.063,59.756,0.057908
0.064,1318.754,0.042954
0.065,1323.110,0.035249
0.066,1318.276,0.039786
0.067,1318.491,0.052284
0.068,59.529,0.048095
0.069,59.612,0.062501
0.070,59.396,0.090276
0.071,59.488,0.075649
0.072,1324.426,0.067116
0.073,1328.150,0.056920
0.074,1325.661,0.042547
0.075,59.399,0.038245
0.076,58.949,0.039615
0.077,58.796,0.041325
0.078,58.767,0.033455
0.079,1321.169,0.022692
0.080,58.884,0.020518
0.081,1322.844,0.020431
0.082,58.428,0.014441
0.083,1323.168,0.015849
0.084,58.796,0.019729
0.085,1324.965,0.018089
0.086,58.669,0.017344
0.087,1327.272,0.029209
0.088,1322.907,0.025038
0.089,1327.605,0.020015
0.090,1329.015,0.016344
0.091,1325.900,0.013311
0.092,1325.527,0.016379
0.093,32.132,0.022589
0.094,32.160,0.018087
0.095,32.175,0.020243
0.096,32.160,0.015712
0.097,32.110,0.014817
0.098,32.129,0.012799
0.099,32.080,0.011096
0.100,661.786,0.016157
0.101,664.386,0.015716
0.102,1334.965,0.018878
0.103,664.088,0.027191
0.104,1326.378,0.022508
0.105,664.117,0.026125
0.106,582.758,0.244300
0.107,652.614,0.141646
0.108,655.750,0.395024
0.109,659.391,0.380704
0.110,660.070,0.386384
0.111,659.003,0.280630
0.112,656.079,0.316930
0.113,659.305,0.257525
0.114,654.778,0.410716
0.115,267.093,0.324490
0.116,267.262,0.278491
0.117,269.839,0.231837
0.118,279.380,0.326090
0.119,278.784,0.240085
0.120,280.915,0.266604
0.121,276.198,0.234812
0.122,322.481,0.264893
0.123,281.219,0.207672
0.124,282.026,0.283475
0.125,281.344,0.236239
0.126,281.574,0.206364
0.127,323.121,0.175315
0.128,323.458,0.212066
0.129,323.801,0.194449
0.130,323.198,0.210698
0.131,219.736,0.268247
0.132,322.485,0.200538
0.133,219.868,0.203904
0.134,220.092,0.174945
0.135,219.612,0.260137
0.136,221.038,0.178460
0.137,219.998,0.215385
0.138,220.635,0.208414
0.139,219.399,0.279312
0.140,220.509,0.242693
0.141,219.697,0.257044
0.142,222.441,0.297323
0.143,221.806,0.312233
0.144,222.376,0.369798
0.145,224.088,0.351995
0.146,224.483,0.383999
0.147,224.617,0.456280
0.148,224.532,0.503834
0.149,225.813,0.589392
0.150,225.998,0.601125
0.151,226.016,0.680238
0.152,226.132,0.699170
0.153,226.142,0.775058
0.154,226.285,0.768929
0.155,226.176,0.834052
0.156,226.199,0.833980
0.157,226.076,0.877628
0.158,226.285,0.883644
0.159,226.435,0.907642
0.160,226.457,0.908721
0.161,226.465,0.924207
0.162,226.659,0.922441
0.163,226.756,0.926819
0.164,226.859,0.927736
0.165,226.977,0.928056
0.166,227.160,0.921407
0.167,227.303,0.914586
0.168,227.277,0.920728
0.169,227.550,0.933734
0.170,227.598,0.933706
0.171,228.063,0.943270
0.172,228.039,0.945095
0.173,228.430,0.951387
0.174,228.487,0.949662
0.175,228.976,0.939842
0.176,229.111,0.932258
0.177,229.489,0.912518
0.178,229.638,0.897047
0.179,230.329,0.878523
0.180,230.625,0.885752
0.181,231.183,0.885376
0.182,231.395,0.889435
0.183,232.181,0.859830
0.184,232.599,0.835148
0.185,233.377,0.839331
0.186,233.671,0.864109
0.187,234.065,0.866653
0.188,234.639,0.872591
0.189,235.337,0.852203
0.190,235.640,0.848361
0.191,235.995,0.827027
0.192,236.276,0.844054
0.193,236.890,0.861523
0.194,237.196,0.876474
0.195,237.603,0.881272
0.196,237.403,0.895880
0.197,237.907,0.887654
0.198,237.949,0.897593
0.199,238.287,0.885529
0.200,238.123,0.894463
0.201,238.477,0.902119
0.202,238.476,0.905040
0.203,238.638,0.922583
0.204,238.462,0.911285
0.205,238.660,0.927105
0.206,238.697,0.928060
0.207,238.710,0.936566
0.208,238.599,0.931431
0.209,238.513,0.930291
0.210,238.519,0.931405
0.211,238.374,0.926231
0.212,238.375,0.928974
0.213,238.217,0.926600
0.214,238.167,0.928267
0.215,237.984,0.938008
0.216,238.030,0.935022
0.217,237.932,0.943303
0.218,237.929,0.940028
0.219,237.848,0.944278
0.220,237.913,0.940216
0.221,237.868,0.943836
0.222,237.849,0.943573
0.223,237.901,0.940415
0.224,237.875,0.939399
0.225,237.929,0.935007
0.226,237.889,0.936864
0.227,238.049,0.926506
0.228,237.976,0.926725
0.229,238.117,0.912630
0.230,238.072,0.915847
0.231,238.334,0.922022
0.232,238.211,0.920339
0.233,238.392,0.919836
0.234,238.306,0.912312
0.235,238.587,0.923922
0.236,238.553,0.919305
0.237,238.852,0.924192
0.238,238.926,0.914317
0.239,239.149,0.920495
0.240,239.298,0.908139
0.241,239.563,0.907579
0.242,239.731,0.884377
0.243,239.832,0.891971
0.244,240.179,0.888578
0.245,240.225,0.887112
0.246,240.588,0.889286
0.247,240.506,0.892188
0.248,240.855,0.909935
0.249,240.742,0.893521
0.250,241.330,0.890592
0.251,241.145,0.881896
0.252,241.381,0.888965
0.253,241.051,0.857851
0.254,241.640,0.859877
0.255,241.712,0.842798
0.256,241.864,0.860481
0.257,241.648,0.823242
0.258,242.114,0.829685
0.259,242.157,0.799640
0.260,242.064,0.841882
0.261,241.845,0.794298
0.262,241.834,0.807724
0.263,242.061,0.765353
0.264,241.787,0.799858
0.265,242.189,0.789168
0.266,241.626,0.779387
0.267,242.157,0.770417
0.268,241.697,0.804609
0.269,242.705,0.812538
0.270,242.724,0.749505
0.271,243.603,0.707972
0.272,243.285,0.672469
0.273,244.683,0.682904
0.274,245.537,0.616728
0.275,245.958,0.614081
0.276,246.073,0.545400
0.277,247.092,0.511387
0.278,247.644,0.418047
0.279,247.211,0.474800
0.280,247.856,0.391541
0.281,251.389,0.389615
0.282,254.560,0.389490
0.283,254.360,0.383786
0.284,258.418,0.410792
0.285,259.529,0.395180
0.286,263.659,0.452869
0.287,263.510,0.428544
0.288,262.115,0.463816
0.289,264.252,0.488831
0.290,264.986,0.562658
0.291,265.114,0.578812
0.292,265.793,0.637243
0.293,266.406,0.674425
0.294,267.246,0.719638
0.295,267.397,0.777866
0.296,267.759,0.819231
0.297,267.745,0.855510
0.298,267.959,0.868115
0.299,267.757,0.885974
0.300,268.038,0.899726
0.301,267.958,0.903967
0.302,267.992,0.905900
0.303,267.711,0.911196
0.304,267.911,0.923154
0.305,267.677,0.919454
0.306,267.655,0.921710
0.307,267.419,0.919874
0.308,267.456,0.922669
0.309,267.143,0.932627
0.310,267.138,0.935123
0.311,266.897,0.945688
0.312,266.853,0.947624
0.313,266.611,0.958155
0.314,266.551,0.959054
0.315,266.278,0.965567
0.316,266.165,0.968433
0.317,265.930,0.971780
0.318,265.735,0.970107
0.319,265.538,0.970768
0.320,265.312,0.967680
0.321,265.097,0.967214
0.322,264.821,0.958502
0.323,264.702,0.959961
0.324,264.397,0.949756
0.325,264.310,0.948638
0.326,263.938,0.927946
0.327,263.987,0.929145
0.328,263.690,0.936425
0.329,263.639,0.936777
0.330,263.343,0.940198
0.331,263.344,0.938634
0.332,263.155,0.940307
0.333,262.952,0.938482
0.334,262.901,0.930786
0.335,262.738,0.928735
0.336,262.635,0.924242
0.337,262.426,0.919654
0.338,262.386,0.906376
0.339,262.289,0.901398
0.340,262.036,0.880006
0.341,261.805,0.882821
0.342,261.729,0.844094
0.343,261.689,0.866675
0.344,261.278,0.817270
0.345,261.090,0.843692
0.346,260.823,0.793103
0.347,260.904,0.827668
0.348,260.446,0.823676
0.349,260.072,0.859920
0.350,260.266,0.860094
0.351,260.227,0.880962
0.352,260.190,0.899391
0.353,260.263,0.908352
0.354,260.523,0.914733
0.355,260.687,0.913652
0.356,260.580,0.932979
0.357,260.572,0.930959
0.358,260.741,0.934724
0.359,260.878,0.929462
0.360,260.834,0.935489
0.361,260.868,0.934537
0.362,260.924,0.934443
0.363,260.934,0.936016
0.364,260.915,0.936386
0.365,260.867,0.939554
0.366,260.896,0.937554
0.367,260.825,0.942115
0.368,260.808,0.937593
0.369,260.642,0.945223
0.370,260.639,0.942798
0.371,260.546,0.948958
0.372,260.445,0.947408
0.373,260.321,0.952142
0.374,260.235,0.951530
0.375,260.108,0.956565
0.376,259.970,0.954109
0.377,259.880,0.957258
0.378,259.749,0.954461
0.379,259.596,0.955513
0.380,259.449,0.951753
0.381,259.328,0.950847
0.382,259.156,0.944897
0.383,258.972,0.941786
0.384,258.820,0.933545
0.385,258.706,0.931677
0.386,258.447,0.916800
0.387,258.296,0.913440
0.388,258.107,0.895654
0.389,257.938,0.892582
0.390,257.624,0.862168
0.391,257.534,0.864373
0.392,257.475,0.839876
0.393,257.176,0.852612
0.394,256.924,0.831428
0.395,256.644,0.844546
0.396,256.633,0.815041
0.397,256.137,0.815929
0.398,255.638,0.785282
0.399,255.108,0.804116
0.400,254.778,0.792385
0.401,253.963,0.789558
0.402,253.575,0.762045
0.403,252.880,0.753081
0.404,252.287,0.718159
0.405,251.166,0.710927
0.406,251.139,0.665314
0.407,250.417,0.673343
0.408,249.504,0.653513
0.409,248.538,0.664505
0.410,248.079,0.618970
0.411,247.311,0.641526
0.412,246.211,0.670957
0.413,246.175,0.704203
0.414,245.472,0.657823
0.415,245.286,0.682205
0.416,244.450,0.669898
0.417,244.365,0.674763
0.418,244.079,0.616997
0.419,243.219,0.607723
0.420,242.531,0.624622
0.421,241.946,0.587325
0.422,241.480,0.548566
0.423,239.962,0.455299
0.424,240.785,0.530248
0.425,239.728,0.441797
0.426,240.010,0.414269
0.427,225.165,0.339856
0.428,239.249,0.358357
0.429,224.377,0.370749
0.430,223.362,0.483264
0.431,222.903,0.536131
0.432,221.419,0.535416
0.433,221.136,0.572936
0.434,220.973,0.622650
0.435,220.430,0.692667
0.436,220.501,0.727561
0.437,220.205,0.734059
0.438,220.508,0.701226
0.439,220.284,0.744244
0.440,219.381,0.773163
0.441,218.617,0.707983
0.442,219.686,0.712193
0.443,219.626,0.715656
0.444,218.160,0.696655
0.445,219.301,0.702653
0.446,219.272,0.510139
0.447,221.149,0.522257
0.448,221.030,0.458577
0.449,221.199,0.476346
0.450,220.785,0.443952
0.451,224.149,0.334118
0.452,221.411,0.350516
0.453,222.027,0.295281
0.454,222.026,0.249689
0.455,221.486,0.238665
0.456,221.960,0.180365
0.457,222.185,0.140134
0.458,258.605,0.156097
0.459,520.684,0.161629
0.460,258.535,0.169983
0.461,519.085,0.220991
0.462,519.045,0.211440
0.463,519.205,0.189337
0.464,517.887,0.171508
0.465,518.229,0.198484
0.466,432.297,0.173703
0.467,432.344,0.217999
0.468,431.980,0.229599
0.469,354.981,0.192822
0.470,432.832,0.172927
0.471,354.187,0.173261
0.472,432.738,0.172548
0.473,353.498,0.159493
0.474,353.693,0.124535
0.475,352.577,0.111114
0.476,432.571,0.088089
0.477,33.068,0.076580
0.478,33.084,0.093772
0.479,33.050,0.112212
0.480,35.307,0.163041
0.481,35.303,0.092766
0.482,35.211,0.115827
0.483,33.091,0.097751
0.484,33.685,0.128953
0.485,33.269,0.116414
0.486,33.345,0.142077
0.487,33.229,0.086392
0.488,33.195,0.101443
0.489,33.168,0.074447
0.490,33.208,0.065299
0.491,44.181,0.052689
0.492,44.161,0.068215
0.493,44.266,0.056986
0.494,44.300,0.064082
0.495,44.311,0.082540
0.496,44.379,0.084290
0.497,44.546,0.076829
0.498,44.387,0.056195
0.499,44.457,0.079946
0.500,44.424,0.100393
0.501,44.617,0.074475
0.502,87.126,0.057249
0.503,87.289,0.113907
0.504,87.126,0.163900
0.505,87.080,0.220982
0.506,86.869,0.192460
0.507,87.083,0.280344
0.508,86.986,0.220867
0.509,86.939,0.277996
0.510,86.954,0.116449
0.511,87.086,0.205648
0.512,87.039,0.097991
0.513,86.851,0.143622
0.514,86.753,0.041844
0.515,86.872,0.056198
0.516,48.820,0.035747
0.517,259.118,0.015484
0.518,1197.014,0.012376
0.519,32.742,0.011699
0.520,32.617,0.035805
0.521,1188.825,0.009931
0.522,241.796,0.137475
0.523,242.286,0.091041
0.524,241.966,0.096641
0.525,242.606,0.325622
0.526,242.782,0.238255
0.527,247.100,0.247790
0.528,247.316,0.230040
0.529,243.041,0.260286
0.530,248.736,0.191285
0.531,275.227,0.210140
0.532,248.254,0.228690
0.533,251.570,0.223503
0.534,253.214,0.266162
0.535,253.463,0.295237
0.536,253.775,0.312801
0.537,254.598,0.328805
0.538,259.384,0.311583
0.539,259.847,0.298888
0.540,259.835,0.312368
0.541,259.048,0.339575
0.542,259.500,0.347227
0.543,255.723,0.380081
0.544,259.245,0.370254
0.545,255.642,0.434032
0.546,259.348,0.408701
0.547,255.680,0.428276
0.548,259.426,0.412135
0.549,255.600,0.495258
0.550,258.023,0.473664
0.551,256.730,0.506341
0.552,259.243,0.531652
0.553,256.763,0.559281
0.554,257.907,0.588312
0.555,256.958,0.581461
0.556,258.743,0.590224
0.557,257.125,0.611998
0.558,257.335,0.619429
0.559,255.691,0.617575
0.560,255.803,0.602041
0.561,255.400,0.630213
0.562,255.335,0.615032
0.563,254.469,0.616465
0.564,254.652,0.600151
0.565,254.073,0.589301
0.566,253.772,0.571928
0.567,252.054,0.561635
0.568,251.808,0.507385
0.569,251.415,0.534657
0.570,250.462,0.476201
0.571,249.013,0.510157
0.572,246.507,0.483089
0.573,246.330,0.505724
0.574,243.828,0.524570
0.575,243.496,0.566812
0.576,241.464,0.585572
0.577,241.105,0.604499
0.578,240.259,0.677705
0.579,239.687,0.698949
0.580,239.060,0.723491
0.581,238.460,0.739512
0.582,238.067,0.777545
0.583,237.673,0.809208
0.584,237.237,0.831198
0.585,237.009,0.850286
0.586,236.664,0.866692
0.587,236.536,0.879933
0.588,236.191,0.872144
0.589,235.964,0.876827
0.590,235.682,0.875363
0.591,235.651,0.885712
0.592,235.352,0.900977
0.593,235.213,0.911585
0.594,234.967,0.923808
0.595,234.878,0.928990
0.596,234.627,0.937381
0.597,234.700,0.931444
0.598,234.774,0.932335
0.599,234.720,0.932732
0.600,234.607,0.937067
0.601,234.647,0.933091
0.602,234.875,0.929469
0.603,234.951,0.925224
0.604,234.912,0.925879
0.605,235.046,0.915667
0.606,235.126,0.916095
0.607,235.304,0.905761
0.608,235.368,0.900157
0.609,235.571,0.880346
0.610,235.664,0.884288
0.611,235.881,0.897644
0.612,235.996,0.907804
0.613,236.157,0.905182
0.614,236.332,0.914387
0.615,236.498,0.919893
0.616,236.557,0.924156
0.617,236.705,0.921636
0.618,236.858,0.919621
0.619,237.015,0.925982
0.620,237.013,0.928218
0.621,237.180,0.925634
0.622,237.389,0.924521
0.623,237.484,0.926096
0.624,237.402,0.926496
0.625,237.628,0.921921
0.626,237.687,0.918920
0.627,237.723,0.922168
0.628,237.734,0.918275
0.629,237.877,0.916862
0.630,237.935,0.906903
0.631,238.021,0.908240
0.632,238.121,0.904037
0.633,238.122,0.904355
0.634,238.337,0.892025
0.635,238.331,0.897077
0.636,238.459,0.901484
0.637,238.358,0.905610
0.638,238.565,0.907620
0.639,238.638,0.912100
0.640,238.704,0.916876
0.641,238.608,0.916062
0.642,238.713,0.920038
0.643,238.644,0.914804
0.644,238.794,0.929355
0.645,238.670,0.918350
0.646,238.860,0.930465
0.647,238.799,0.918376
0.648,238.901,0.932134
0.649,238.795,0.922322
0.650,238.883,0.934676
0.651,238.883,0.925138
0.652,238.897,0.933705
0.653,239.037,0.930916
0.654,238.967,0.936731
0.655,239.145,0.932000
0.656,239.141,0.939199
0.657,239.279,0.937651
0.658,239.141,0.940332
0.659,239.318,0.938471
0.660,239.347,0.943327
0.661,239.611,0.945092
0.662,239.482,0.944136
0.663,239.729,0.943006
0.664,239.746,0.937841
0.665,240.135,0.939530
0.666,240.097,0.934721
0.667,240.399,0.931079
0.668,240.482,0.917758
0.669,240.852,0.930681
0.670,240.899,0.930745
0.671,241.161,0.944380
0.672,241.330,0.943200
0.673,241.450,0.955084
0.674,241.697,0.959393
0.675,241.860,0.960499
0.676,242.111,0.963107
0.677,242.190,0.967316
0.678,242.394,0.968831
0.679,242.466,0.966085
0.680,242.805,0.964876
0.681,242.842,0.966187
0.682,243.039,0.966770
0.683,243.062,0.961856
0.684,243.350,0.957184
0.685,243.426,0.953121
0.686,243.612,0.951964
0.687,243.688,0.943396
0.688,243.962,0.935078
0.689,244.059,0.933099
0.690,244.335,0.949143
0.691,244.326,0.944832
0.692,244.631,0.953962
0.693,244.757,0.951439
0.694,244.982,0.958643
0.695,244.993,0.956331
0.696,245.290,0.958645
0.697,245.387,0.956376
0.698,245.542,0.958983
0.699,245.533,0.958955
0.700,245.776,0.954756
0.701,245.873,0.951451
0.702,245.953,0.952760
0.703,245.954,0.954774
0.704,246.128,0.947353
0.705,246.239,0.943323
0.706,246.294,0.943628
0.707,246.208,0.948379
0.708,246.355,0.938944
0.709,246.476,0.933273
0.710,246.576,0.930238
0.711,246.469,0.937301
0.712,246.620,0.926566
0.713,246.720,0.936001
0.714,246.835,0.936905
0.715,246.669,0.937127
0.716,246.762,0.932076
0.717,246.852,0.941835
0.718,246.937,0.939210
0.719,246.833,0.943003
0.720,246.854,0.933710
0.721,246.913,0.942536
0.722,246.968,0.937529
0.723,246.942,0.944636
0.724,246.917,0.932335
0.725,246.973,0.940727
0.726,247.003,0.935121
0.727,246.987,0.943277
0.728,246.959,0.931744
0.729,247.012,0.937951
0.730,247.039,0.932861
0.731,246.996,0.940695
0.732,246.998,0.929313
0.733,247.029,0.934471
0.734,247.084,0.931102
0.735,246.981,0.937027
0.736,247.046,0.928367
0.737,247.040,0.932406
0.738,247.142,0.930249
0.739,246.991,0.935094
0.740,247.108,0.928756
0.741,247.038,0.930626
0.742,247.194,0.930212
0.743,247.020,0.934561
0.744,247.171,0.930588
0.745,247.024,0.930199
0.746,247.227,0.929126
0.747,247.048,0.934708
0.748,247.197,0.930765
0.749,247.017,0.929180
0.750,247.226,0.927687
0.751,247.061,0.933304
0.752,247.172,0.929300
0.753,247.009,0.926844
0.754,247.192,0.926215
0.755,247.091,0.932639
0.756,247.165,0.929434
0.757,247.035,0.925675
0.758,247.214,0.926529
0.759,247.134,0.932652
0.760,247.221,0.931267
0.761,247.094,0.926335
0.762,247.261,0.927974
0.763,247.181,0.932941
0.764,247.282,0.932517
0.765,247.170,0.926417
0.766,247.307,0.928263
0.767,247.222,0.930892
0.768,247.321,0.932404
0.769,247.234,0.925440
0.770,247.352,0.928537
0.771,247.296,0.929818
0.772,247.358,0.931906
0.773,247.312,0.923282
0.774,247.390,0.926743
0.775,247.392,0.927836
0.776,247.431,0.932320
0.777,247.434,0.925077
0.778,247.469,0.927282
0.779,247.497,0.929785
0.780,247.524,0.932238
0.781,247.619,0.929245
0.782,247.671,0.927961
0.783,247.736,0.931888
0.784,247.806,0.931640
0.785,248.035,0.926948
0.786,248.082,0.924036
0.787,248.255,0.920799
0.788,248.487,0.914809
0.789,248.810,0.899059
0.790,248.911,0.895735
0.791,249.202,0.901245
0.792,249.612,0.919120
0.793,249.927,0.927533
0.794,250.065,0.934388
0.795,250.357,0.939360
0.796,250.683,0.940989
0.797,250.937,0.945355
0.798,250.893,0.948970
0.799,251.155,0.950286
0.800,251.295,0.946864
0.801,251.476,0.949916
0.802,251.301,0.953708
0.803,251.441,0.955127
0.804,251.478,0.949004
0.805,251.596,0.952025
0.806,251.382,0.956111
0.807,251.370,0.958978
0.808,251.344,0.954335
0.809,251.371,0.956623
0.810,251.179,0.959269
0.811,251.077,0.962173
0.812,251.017,0.958860
0.813,250.911,0.960013
0.814,250.754,0.961522
0.815,250.581,0.962981
0.816,250.522,0.959163
0.817,250.347,0.956976
0.818,250.196,0.956197
0.819,250.003,0.956829
0.820,250.012,0.952935
0.821,249.799,0.945657
0.822,249.638,0.942516
0.823,249.448,0.942310
0.824,249.432,0.937192
0.825,249.268,0.926049
0.826,249.102,0.919027
0.827,248.997,0.919300
0.828,248.894,0.920582
0.829,248.773,0.918957
0.830,248.578,0.935888
0.831,248.531,0.937588
0.832,248.389,0.943604
0.833,248.316,0.938627
0.834,248.116,0.948395
0.835,248.114,0.948951
0.836,247.896,0.952351
0.837,247.846,0.945712
0.838,247.621,0.950286
0.839,247.606,0.949816
0.840,247.323,0.949712
0.841,247.291,0.942315
0.842,247.077,0.942351
0.843,247.030,0.938590
0.844,246.769,0.935186
0.845,246.699,0.924189
0.846,246.511,0.923461
0.847,246.485,0.923094
0.848,246.294,0.937328
0.849,246.235,0.935621
0.850,246.058,0.945826
0.851,245.974,0.947167
0.852,245.855,0.954098
0.853,245.811,0.951067
0.854,245.668,0.957340
0.855,245.515,0.958266
0.856,245.460,0.963596
0.857,245.383,0.958400
0.858,245.269,0.963578
0.859,245.137,0.962217
0.860,245.134,0.966828
0.861,245.118,0.961533
0.862,245.135,0.964499
0.863,245.050,0.962103
0.864,245.066,0.967222
0.865,245.197,0.959686
0.866,245.251,0.962742
0.867,245.269,0.958758
0.868,245.241,0.964725
0.869,245.488,0.955642
0.870,245.494,0.959274
0.871,245.610,0.953631
0.872,245.564,0.960766
0.873,245.906,0.947871
0.874,245.896,0.950183
0.875,246.127,0.940433
0.876,246.089,0.947537
0.877,246.401,0.927725
0.878,246.450,0.926795
0.879,246.700,0.930745
0.880,246.680,0.940089
0.881,246.942,0.941302
0.882,247.037,0.945674
0.883,247.264,0.949179
0.884,247.304,0.956742
0.885,247.443,0.953977
0.886,247.594,0.953539
0.887,247.747,0.954928
0.888,247.804,0.959947
0.889,247.808,0.956010
0.890,247.988,0.951251
0.891,248.063,0.952313
0.892,248.143,0.955280
0.893,248.016,0.951681
0.894,248.150,0.945432
0.895,248.102,0.948395
0.896,248.191,0.950009
0.897,247.996,0.948412
0.898,248.086,0.942122
0.899,247.968,0.946794
0.900,248.060,0.947846
0.901,247.823,0.949654
0.902,247.896,0.942655
0.903,247.774,0.947730
0.904,247.828,0.949049
0.905,247.709,0.951495
0.906,247.755,0.946040
0.907,247.688,0.949922
0.908,247.706,0.951187
0.909,247.691,0.953370
0.910,247.756,0.947967
0.911,247.706,0.951236
0.912,247.744,0.951363
0.913,247.733,0.952485
0.914,247.917,0.944947
0.915,247.855,0.947414
0.916,247.997,0.945138
0.917,247.991,0.944533
0.918,248.343,0.932622
0.919,248.305,0.932875
0.920,248.598,0.923034
0.921,248.620,0.918331
0.922,249.169,0.908670
0.923,249.257,0.904687
0.924,249.645,0.925206
0.925,249.805,0.922410
0.926,250.336,0.934347
0.927,250.555,0.927388
0.928,251.041,0.932447
0.929,251.253,0.922216
0.930,251.799,0.916593
0.931,252.058,0.898225
0.932,252.532,0.919544
0.933,252.786,0.922475
0.934,253.169,0.938968
0.935,253.444,0.942953
0.936,253.761,0.948543
0.937,253.954,0.949573
0.938,254.128,0.953620
0.939,254.359,0.951832
0.940,254.527,0.950491
0.941,254.744,0.949001
0.942,254.833,0.946938
0.943,255.021,0.941749
0.944,255.117,0.935961
0.945,255.294,0.935251
0.946,255.376,0.936554
0.947,255.485,0.939923
0.948,255.644,0.938509
0.949,255.681,0.942763
0.950,255.714,0.940104
0.951,255.764,0.935585
0.952,255.877,0.930117
0.953,255.853,0.928996
0.954,255.793,0.924544
0.955,255.805,0.918031
0.956,255.818,0.910033
0.957,255.683,0.900592
0.958,255.623,0.898542
0.959,255.552,0.885509
0.960,255.392,0.881338
0.961,255.184,0.882474
0.962,255.142,0.876983
0.963,254.974,0.873033
0.964,254.740,0.860189
0.965,254.542,0.852547
0.966,254.541,0.841951
0.967,254.249,0.828743
0.968,253.963,0.814710
0.969,253.846,0.795261
0.970,253.806,0.791403
0.971,253.548,0.767354
0.972,253.081,0.749439
0.973,253.261,0.712448
0.974,252.714,0.702428
0.975,252.463,0.668442
0.976,251.260,0.659077
0.977,251.743,0.609820
0.978,250.735,0.624745
0.979,250.813,0.586200
0.980,249.391,0.580926
0.981,250.509,0.534329
0.982,248.588,0.584405
0.983,248.767,0.577004
0.984,246.588,0.611489
0.985,246.970,0.546172
0.986,246.157,0.582205
0.987,246.304,0.588307
0.988,245.437,0.556590
0.989,243.192,0.443266
0.990,243.169,0.414244
0.991,242.871,0.385035
0.992,242.259,0.268825
0.993,239.889,0.059407
0.994,239.351,0.029637
0.995,239.225,0.023659
0.996,45.964,0.006404
0.997,987.411,0.005064
0.998,1223.995,0.004228
0.999,978.443,0.005296
1.000,1962.467,0.005445
1.001,1876.293,0.009043
1.002,1968.091,0.006969
1.003,46.349,0.008097
1.004,227.834,0.009555
1.005,45.833,0.013382
1.006,45.817,0.013504
1.007,45.737,0.008967
1.008,45.780,0.008919
1.009,45.858,0.024462
1.010,45.910,0.045463
1.011,46.008,0.062235
1.012,45.907,0.075247
1.013,45.911,0.050936
1.014,45.913,0.089438
1.015,45.994,0.022536
1.016,45.930,0.019543
1.017,45.897,0.007836
1.018,45.853,0.011802
1.019,32.883,0.007769
1.020,139.905,0.024111
1.021,140.511,0.009547
1.022,140.139,0.015020
1.023,324.188,0.076709
1.024,323.541,0.124824
1.025,324.515,0.132996
1.026,322.916,0.058879
1.027,291.837,0.304770
1.028,291.623,0.213013
1.029,291.627,0.251918
1.030,276.338,0.199593
1.031,276.725,0.307222
1.032,276.638,0.342016
1.033,276.792,0.363087
1.034,275.780,0.341801
1.035,276.142,0.327781
1.036,274.934,0.375174
1.037,275.606,0.352476
1.038,273.855,0.381900
1.039,274.773,0.343994
1.040,268.321,0.414424
1.041,267.899,0.370574
1.042,267.325,0.473907
1.043,266.823,0.418395
1.044,266.921,0.501462
1.045,266.166,0.464650
1.046,265.910,0.537403
1.047,265.272,0.561523
1.048,264.125,0.557220
1.049,264.025,0.582968
1.050,263.810,0.602522
1.051,263.702,0.676914
1.052,263.490,0.659358
1.053,263.199,0.727643
1.054,262.245,0.718433
1.055,262.849,0.746173
1.056,261.973,0.761072
1.057,261.919,0.771886
1.058,261.581,0.799602
1.059,261.779,0.790202
1.060,261.096,0.839008
1.061,260.986,0.839534
1.062,260.448,0.870986
1.063,260.485,0.864010
1.064,259.883,0.891036
1.065,259.742,0.894920
1.066,259.398,0.902237
1.067,259.159,0.900974
1.068,258.884,0.907075
1.069,258.591,0.901716
1.070,258.327,0.902158
1.071,257.986,0.930099
1.072,257.821,0.929731
1.073,257.463,0.953540
1.074,257.360,0.949330
1.075,257.046,0.962526
1.076,256.899,0.959733
1.077,256.510,0.967936
1.078,256.382,0.960475
1.079,256.015,0.964482
1.080,255.808,0.956918
1.081,255.425,0.956743
1.082,255.259,0.945141
1.083,254.875,0.959436
1.084,254.695,0.961762
1.085,254.467,0.969999
1.086,254.244,0.967080
1.087,254.061,0.969500
1.088,254.030,0.966929
1.089,253.876,0.970623
1.090,253.652,0.962266
1.091,253.596,0.966766
1.092,253.477,0.960036
1.093,253.456,0.963947
1.094,253.181,0.948074
1.095,253.231,0.957641
1.096,253.109,0.950769
1.097,253.199,0.955581
1.098,252.996,0.940499
1.099,253.105,0.950753
1.100,252.998,0.942290
1.101,253.042,0.945588
1.102,252.927,0.931988
1.103,253.002,0.942019
1.104,252.991,0.934561
1.105,252.917,0.933022
1.106,252.923,0.922339
1.107,252.902,0.929348
1.108,252.969,0.924192
1.109,252.819,0.920138
1.110,252.895,0.912405
1.111,252.811,0.918118
1.112,253.021,0.916202
1.113,252.768,0.910194
1.114,252.941,0.906259
1.115,252.740,0.911388
1.116,253.041,0.915427
1.117,252.764,0.907485
1.118,252.978,0.906921
1.119,252.748,0.911810
1.120,253.143,0.920930
1.121,252.860,0.913752
1.122,253.138,0.920432
1.123,253.029,0.927983
1.124,253.388,0.935938
1.125,253.190,0.931927
1.126,253.516,0.941005
1.127,253.447,0.943993
1.128,253.709,0.950151
1.129,253.622,0.945180
1.130,253.817,0.953130
1.131,253.784,0.955597
1.132,253.866,0.958526
1.133,253.868,0.953244
1.134,253.860,0.958780
1.135,253.919,0.960832
1.136,253.845,0.963269
1.137,253.890,0.958597
1.138,253.668,0.962718
1.139,253.760,0.964397
1.140,253.537,0.965420
1.141,253.492,0.959891
1.142,253.171,0.961260
1.143,253.250,0.962743
1.144,253.044,0.961324
1.145,252.982,0.951907
1.146,252.810,0.953555
1.147,252.760,0.951706
1.148,252.578,0.948651
1.149,252.570,0.941858
1.150,252.555,0.940456
1.151,252.500,0.934276
1.152,252.272,0.928924
1.153,252.347,0.927234
1.154,252.180,0.924191
1.155,252.146,0.919194
1.156,251.894,0.934077
1.157,251.993,0.928735
1.158,251.701,0.938653
1.159,251.771,0.930928
1.160,251.514,0.943805
1.161,251.644,0.937386
1.162,251.186,0.946850
1.163,251.283,0.939968
1.164,251.067,0.947449
1.165,251.179,0.942375
1.166,250.681,0.938191
1.167,250.703,0.934527
1.168,250.418,0.933746
1.169,250.412,0.924386
1.170,250.091,0.909222
1.171,250.007,0.901229
1.172,249.770,0.888387
1.173,249.761,0.870344
1.174,249.290,0.841086
1.175,248.881,0.828611
1.176,248.723,0.831686
1.177,248.242,0.809702
1.178,247.856,0.808572
1.179,247.147,0.795035
1.180,246.731,0.792213
1.181,245.448,0.795779
1.182,244.957,0.793090
1.183,243.865,0.763989
1.184,243.243,0.765922
1.185,242.055,0.775829
1.186,241.362,0.775560
1.187,240.797,0.769706
1.188,240.370,0.769498
1.189,239.558,0.783202
1.190,238.831,0.778954
1.191,238.358,0.758009
1.192,237.809,0.761825
1.193,237.335,0.774763
1.194,236.775,0.773339
1.195,236.447,0.768696
1.196,235.934,0.737188
1.197,235.626,0.728271
1.198,234.381,0.664092
1.199,234.134,0.651422
1.200,233.332,0.631374
1.201,232.752,0.578330
1.202,231.181,0.547568
1.203,230.388,0.506123
1.204,230.178,0.504058
1.205,227.726,0.519729
1.206,226.898,0.545954
1.207,225.707,0.552023
1.208,224.662,0.536330
1.209,223.548,0.592438
1.210,223.195,0.569324
1.211,222.468,0.598710
1.212,221.927,0.538717
1.213,221.017,0.502075
1.214,218.481,0.442482
1.215,216.992,0.467657
1.216,214.979,0.461330
1.217,214.574,0.481716
1.218,213.961,0.482511
1.219,212.451,0.512831
1.220,212.120,0.512658
1.221,211.523,0.501073
1.222,211.105,0.459842
1.223,210.619,0.436919
1.224,210.469,0.419334
1.225,209.527,0.343302
1.226,209.280,0.245097
1.227,208.803,0.226258
1.228,208.476,0.147277
1.229,208.475,0.089226
1.230,211.811,0.060107
1.231,212.044,0.068095
1.232,92.679,0.067305
1.233,215.035,0.051769
1.234,92.779,0.110622
1.235,655.623,0.065448
1.236,93.097,0.071222
1.237,93.042,0.075879
1.238,93.416,0.106504
1.239,93.023,0.101024
1.240,93.305,0.081830
1.241,93.542,0.075122
1.242,94.206,0.067603
1.243,291.123,0.077045
1.244,289.303,0.083002
1.245,289.272,0.089767
1.246,291.849,0.076468
1.247,291.717,0.114215
1.248,292.812,0.102706
1.249,291.757,0.166296
1.250,235.624,0.081099
1.251,236.133,0.148617
1.252,326.751,0.124399
1.253,323.598,0.146985
1.254,328.778,0.111297
1.255,322.566,0.114143
1.256,324.326,0.203324
1.257,322.212,0.144821
1.258,323.056,0.183838
1.259,319.549,0.202921
1.260,320.407,0.209860
1.261,317.374,0.159850
1.262,319.399,0.169816
1.263,317.921,0.143431
1.264,318.742,0.122841
1.265,79.137,0.215346
1.266,78.662,0.222642
1.267,313.508,0.352782
1.268,313.772,0.309491
1.269,313.620,0.450054
1.270,313.460,0.465093
1.271,313.988,0.448110
1.272,313.071,0.447185
1.273,313.308,0.480681
1.274,312.593,0.459462
1.275,312.631,0.505385
1.276,311.994,0.414566
1.277,311.756,0.452143
1.278,310.214,0.350361
1.279,309.527,0.378982
1.280,308.209,0.326098
1.281,307.994,0.280009
1.282,100.923,0.360459
1.283,100.960,0.265389
1.284,101.251,0.434057
1.285,101.176,0.398894
1.286,101.151,0.525834
1.287,101.118,0.428016
1.288,101.165,0.574830
1.289,101.243,0.512085
1.290,101.203,0.615233
1.291,101.036,0.611859
1.292,101.143,0.681755
1.293,101.203,0.610240
1.294,101.249,0.690099
1.295,101.168,0.624138
1.296,101.209,0.674412
1.297,101.208,0.637670
1.298,101.386,0.682714
1.299,101.389,0.435539
1.300,101.430,0.482357
1.301,101.386,0.359127
1.302,204.165,0.409786
1.303,204.464,0.453973
1.304,204.548,0.575479
1.305,204.645,0.615600
1.306,204.474,0.583129
1.307,204.605,0.623258
1.308,204.268,0.642896
1.309,204.365,0.707073
1.310,204.221,0.648394
1.311,204.694,0.730999
1.312,204.829,0.777442
1.313,205.025,0.763587
1.314,205.007,0.782273
1.315,205.606,0.801196
1.316,205.700,0.782641
1.317,206.257,0.803742
1.318,206.541,0.777668
1.319,207.258,0.769597
1.320,207.369,0.772071
1.321,207.958,0.747099
1.322,208.428,0.748407
1.323,209.015,0.722389
1.324,209.453,0.722887
1.325,209.693,0.721761
1.326,210.347,0.734495
1.327,210.910,0.737669
1.328,210.950,0.759245
1.329,211.304,0.769287
1.330,211.681,0.766898
1.331,211.662,0.780416
1.332,211.941,0.785596
1.333,212.196,0.793290
1.334,212.386,0.803112
1.335,212.361,0.812788
1.336,212.334,0.837216
1.337,212.428,0.853212
1.338,212.330,0.862248
1.339,212.180,0.862343
1.340,212.145,0.878470
1.341,212.024,0.885640
1.342,212.016,0.893767
1.343,211.869,0.902744
1.344,211.830,0.906420
1.345,211.711,0.922983
1.346,211.748,0.923713
1.347,211.675,0.933478
1.348,211.714,0.930142
1.349,211.703,0.936072
1.350,211.619,0.942471
1.351,211.723,0.942240
1.352,211.735,0.943768
1.353,211.774,0.942201
1.354,211.804,0.945009
1.355,211.742,0.946780
1.356,211.836,0.944815
1.357,211.839,0.944240
1.358,211.973,0.948579
1.359,211.906,0.947230
1.360,212.036,0.955569
1.361,212.071,0.956910
1.362,212.214,0.961318
1.363,212.309,0.960534
1.364,212.381,0.964006
1.365,212.588,0.967622
1.366,212.655,0.968424
1.367,212.792,0.965239
1.368,212.861,0.966613
1.369,213.047,0.967597
1.370,213.121,0.967774
1.371,213.315,0.966002
1.372,213.447,0.961845
1.373,213.514,0.962533
1.374,213.623,0.960080
1.375,213.776,0.959922
1.376,213.927,0.954534
1.377,213.985,0.951696
1.378,214.084,0.947354
1.379,214.220,0.944628
1.380,214.336,0.942035
1.381,214.392,0.938026
1.382,214.385,0.938530
1.383,214.554,0.943842
1.384,214.464,0.940010
1.385,214.642,0.944043
1.386,214.588,0.940672
1.387,214.713,0.944633
1.388,214.677,0.942660
1.389,214.721,0.945608
1.390,214.805,0.947762
1.391,214.787,0.947394
1.392,214.912,0.950038
1.393,214.916,0.948552
1.394,215.011,0.952071
1.395,215.036,0.950869
1.396,215.025,0.950649
1.397,215.180,0.950337
1.398,215.150,0.950082
1.399,215.285,0.953916
1.400,215.349,0.952721
1.401,215.503,0.953426
1.402,215.600,0.952188
1.403,215.764,0.953988
1.404,215.895,0.951725
1.405,216.031,0.950498
1.406,216.282,0.945209
1.407,216.354,0.942141
1.408,216.567,0.936210
1.409,216.762,0.925472
1.410,217.053,0.941774
1.411,217.203,0.943752
1.412,217.364,0.952366
1.413,217.574,0.957539
1.414,217.738,0.959757
1.415,217.962,0.962529
1.416,218.150,0.960261
1.417,218.255,0.960797
1.418,218.410,0.957409
1.419,218.580,0.957397
1.420,218.762,0.949982
1.421,218.871,0.946740
1.422,218.976,0.944867
1.423,219.098,0.940893
1.424,219.191,0.936292
1.425,219.388,0.921518
1.426,219.378,0.924730
1.427,219.497,0.925405
1.428,219.488,0.927235
1.429,219.619,0.932225
1.430,219.626,0.931697
1.431,219.620,0.929777
1.432,219.549,0.926262
1.433,219.639,0.931906
1.434,219.687,0.930416
1.435,219.676,0.927181
1.436,219.502,0.918959
1.437,219.497,0.914700
1.438,219.320,0.902007
1.439,219.328,0.894648
1.440,219.017,0.900731
1.441,218.967,0.903426
1.442,218.636,0.896599
1.443,218.476,0.884773
1.444,218.005,0.860510
1.445,217.687,0.846269
1.446,217.151,0.799991
1.447,216.803,0.735456
1.448,215.525,0.651818
1.449,214.842,0.631178
1.450,213.401,0.605120
1.451,212.767,0.593676
1.452,211.730,0.554609
1.453,209.840,0.509379
1.454,208.260,0.511649
1.455,208.155,0.504228
1.456,207.014,0.539584
1.457,206.638,0.537752
1.458,206.230,0.542989
1.459,206.211,0.541928
1.460,206.219,0.584258
1.461,206.013,0.578863
1.462,205.692,0.543334
1.463,206.084,0.532785
1.464,206.440,0.546568
1.465,206.302,0.525502
1.466,206.488,0.513499
1.467,207.260,0.409935
1.468,208.327,0.338039
1.469,207.873,0.320188
1.470,208.532,0.269154
1.471,209.253,0.193611
1.472,209.654,0.168463
1.473,618.455,0.228901
1.474,619.362,0.220981
1.475,619.104,0.295298
1.476,619.484,0.292039
1.477,620.090,0.348045
1.478,611.739,0.191490
1.479,595.458,0.181193
1.480,589.768,0.178930
1.481,586.731,0.247635
1.482,338.703,0.292793
1.483,337.443,0.165138
1.484,277.737,0.120922
1.485,277.244,0.138703
1.486,274.909,0.204902
1.487,275.004,0.089547
1.488,272.076,0.196675
1.489,269.730,0.155884
1.490,270.072,0.118842
1.491,269.357,0.075318
1.492,33.318,0.077129
1.493,33.192,0.070020
1.494,33.510,0.085402
1.495,33.427,0.055273
1.496,33.690,0.183940
1.497,33.716,0.224128
1.498,33.766,0.238854
1.499,33.843,0.248716
1.500,34.063,0.180035
1.501,34.256,0.187352
1.502,34.352,0.224068
1.503,34.846,0.234456
1.504,34.636,0.285009
1.505,34.927,0.267268
1.506,35.004,0.292833
1.507,35.012,0.309738
1.508,35.097,0.255984
1.509,35.082,0.219071
1.510,35.056,0.158040
1.511,35.114,0.193667
1.512,217.704,0.190149
1.513,217.782,0.288367
1.514,216.347,0.294004
1.515,216.019,0.238442
1.516,216.064,0.271480
1.517,214.828,0.268370
1.518,215.480,0.409854
1.519,214.550,0.405690
1.520,215.641,0.428001
1.521,215.504,0.442315
1.522,215.477,0.466233
1.523,216.649,0.517826
1.524,215.659,0.503386
1.525,215.465,0.483497
1.526,214.479,0.480552
1.527,214.393,0.479589
1.528,214.085,0.487217
1.529,213.879,0.478218
1.530,213.709,0.426783
1.531,213.263,0.436384
1.532,213.462,0.388452
1.533,214.305,0.415005
1.534,216.950,0.425804
1.535,213.798,0.405503
1.536,210.539,0.409441
1.537,213.430,0.427892
1.538,213.420,0.448789
1.539,213.382,0.475322
1.540,210.561,0.474128
1.541,210.456,0.490739
1.542,212.872,0.490630
1.543,212.656,0.531701
1.544,212.712,0.540873
1.545,212.403,0.547975
1.546,212.531,0.555305
1.547,211.689,0.581965
1.548,212.369,0.600949
1.549,211.764,0.616712
1.550,211.525,0.653616
1.551,211.548,0.663667
1.552,211.744,0.689135
1.553,211.457,0.681836
1.554,212.232,0.683743
1.555,212.639,0.703737
1.556,212.616,0.740914
1.557,213.206,0.737335
1.558,213.821,0.683807
1.559,214.282,0.670813
1.560,214.718,0.683628
1.561,215.333,0.662100
1.562,216.499,0.672502
1.563,217.738,0.619050
1.564,218.181,0.689909
1.565,219.084,0.615751
1.566,219.706,0.699566
1.567,220.475,0.648536
1.568,220.812,0.709238
1.569,221.459,0.661622
1.570,222.145,0.703633
1.571,222.528,0.662913
1.572,223.367,0.677484
1.573,224.131,0.670960
1.574,224.547,0.679828
1.575,225.160,0.596597
1.576,226.576,0.579714
1.577,227.277,0.565319
1.578,228.268,0.578892
1.579,228.924,0.600324
1.580,230.995,0.604605
1.581,231.702,0.618970
1.582,231.997,0.667038
1.583,232.215,0.679390
1.584,233.308,0.734753
1.585,233.439,0.760200
1.586,233.827,0.822556
1.587,233.811,0.825935
1.588,234.004,0.861703
1.589,233.909,0.863966
1.590,234.108,0.892302
1.591,233.933,0.894893
1.592,234.037,0.910591
1.593,233.871,0.903005
1.594,233.844,0.910814
1.595,233.658,0.909742
1.596,233.668,0.914997
1.597,233.634,0.910616
1.598,233.455,0.909871
1.599,233.404,0.906869
1.600,233.186,0.901956
1.601,233.134,0.892687
1.602,232.774,0.865858
1.603,232.576,0.855067
1.604,232.147,0.878563
1.605,231.914,0.878481
1.606,231.402,0.869194
1.607,231.117,0.862878
1.608,230.397,0.837941
1.609,230.191,0.836995
1.610,229.261,0.893123
1.611,228.956,0.904096
1.612,228.255,0.893463
1.613,228.002,0.893506
1.614,227.428,0.866667
1.615,226.968,0.886074
1.616,226.618,0.894308
1.617,226.203,0.905185
1.618,225.849,0.910675
1.619,225.337,0.912588
1.620,224.961,0.902856
1.621,224.484,0.890215
1.622,224.193,0.909930
1.623,223.708,0.923040
1.624,223.453,0.937627
1.625,222.954,0.932737
1.626,222.719,0.933554
1.627,222.317,0.924076
1.628,222.079,0.918594
1.629,221.734,0.927692
1.630,221.419,0.942177
1.631,221.279,0.946352
1.632,221.115,0.951540
1.633,220.875,0.956644
1.634,220.635,0.958952
1.635,220.578,0.961382
1.636,220.468,0.960204
1.637,220.335,0.959379
1.638,220.229,0.956268
1.639,220.214,0.956884
1.640,220.108,0.956371
1.641,220.146,0.957065
1.642,219.964,0.952016
1.643,220.048,0.951780
1.644,219.992,0.951178
1.645,220.059,0.953309
1.646,219.991,0.951465
1.647,220.062,0.950855
1.648,220.096,0.954100
1.649,220.092,0.954630
1.650,220.192,0.956598
1.651,220.173,0.956134
1.652,220.299,0.958245
1.653,220.251,0.956827
1.654,220.386,0.959688
1.655,220.423,0.960136
1.656,220.560,0.960552
1.657,220.608,0.962495
1.658,220.651,0.962679
1.659,220.750,0.963205
1.660,220.798,0.963704
1.661,220.899,0.962881
1.662,220.907,0.962551
1.663,221.026,0.959150
1.664,221.091,0.959250
1.665,221.234,0.955654
1.666,221.256,0.958047
1.667,221.313,0.954943
1.668,221.380,0.952734
1.669,221.431,0.951592
1.670,221.458,0.950154
1.671,221.456,0.951200
1.672,221.485,0.947490
1.673,221.545,0.944837
1.674,221.534,0.945055
1.675,221.499,0.948786
1.676,221.441,0.948980
1.677,221.513,0.944219
1.678,221.456,0.945744
1.679,221.440,0.944050
1.680,221.355,0.949707
1.681,221.325,0.947123
1.682,221.341,0.944907
1.683,221.203,0.949179
1.684,221.068,0.954975
1.685,220.886,0.957039
1.686,220.911,0.953774
1.687,220.742,0.955404
1.688,220.659,0.954189
1.689,220.462,0.954879
1.690,220.270,0.950113
1.691,220.216,0.946419
1.692,220.019,0.938860
1.693,219.782,0.928454
1.694,219.568,0.917755
1.695,219.475,0.910512
1.696,219.294,0.909083
1.697,219.141,0.911911
1.698,219.091,0.919011
1.699,218.899,0.924552
1.700,218.830,0.925974
1.701,218.652,0.929148
1.702,218.488,0.930168
1.703,218.373,0.932079
1.704,218.297,0.929673
1.705,218.132,0.932461
1.706,217.945,0.926265
1.707,217.870,0.928590
1.708,217.791,0.924300
1.709,217.682,0.922579
1.710,217.530,0.911724
1.711,217.329,0.906849
1.712,217.268,0.903076
1.713,217.153,0.902193
1.714,216.937,0.893692
1.715,216.738,0.908711
1.716,216.602,0.913267
1.717,216.401,0.923832
1.718,216.243,0.929351
1.719,215.952,0.931262
1.720,215.908,0.935351
1.721,215.779,0.935208
1.722,215.612,0.932080
1.723,215.301,0.921174
1.724,214.959,0.904534
1.725,214.646,0.894373
1.726,214.361,0.891979
1.727,213.794,0.900148
1.728,213.453,0.901335
1.729,212.919,0.909612
1.730,212.641,0.897272
1.731,211.990,0.885939
1.732,211.419,0.905957
1.733,210.751,0.918149
1.734,210.404,0.923688
1.735,209.879,0.903769
1.736,209.474,0.890164
1.737,208.716,0.900027
1.738,208.442,0.904644
1.739,208.011,0.898720
1.740,207.624,0.890171
1.741,207.149,0.872399
1.742,206.617,0.900458
1.743,206.282,0.912483
1.744,205.829,0.913958
1.745,205.411,0.897329
1.746,204.921,0.888897
1.747,204.499,0.899578
1.748,204.163,0.912300
1.749,203.737,0.912144
1.750,203.322,0.908979
1.751,202.872,0.889237
1.752,202.605,0.872143
1.753,202.245,0.855585
1.754,201.614,0.869199
1.755,201.179,0.872289
1.756,200.689,0.865857
1.757,200.184,0.843624
1.758,199.979,0.826655
1.759,199.344,0.852619
1.760,199.000,0.871193
1.761,198.435,0.868121
1.762,198.109,0.863806
1.763,197.760,0.848901
1.764,197.354,0.873654
1.765,196.985,0.892434
1.766,196.542,0.904516
1.767,196.325,0.912375
1.768,195.919,0.906513
1.769,195.682,0.901973
1.770,195.352,0.925375
1.771,195.084,0.939309
1.772,194.970,0.945507
1.773,194.728,0.945728
1.774,194.467,0.948929
1.775,194.270,0.945724
1.776,194.026,0.940675
1.777,193.928,0.938527
1.778,193.592,0.927908
1.779,193.431,0.916399
1.780,193.180,0.912368
1.781,192.945,0.927764
1.782,192.852,0.928390
1.783,192.616,0.934772
1.784,192.376,0.936463
1.785,192.329,0.937599
1.786,192.133,0.941041
1.787,192.129,0.942662
1.788,191.932,0.943557
1.789,191.662,0.934543
1.790,191.700,0.935124
1.791,191.540,0.939339
1.792,191.498,0.940101
1.793,191.368,0.937299
1.794,191.196,0.920573
1.795,191.224,0.921216
1.796,191.067,0.920151
1.797,191.131,0.926021
1.798,191.061,0.922976
1.799,190.891,0.920298
1.800,190.943,0.915371
1.801,190.908,0.921164
1.802,190.942,0.921794
1.803,190.850,0.928974
1.804,190.792,0.928600
1.805,190.814,0.925460
1.806,190.855,0.925340
1.807,190.891,0.922835
1.808,190.796,0.931430
1.809,190.777,0.929889
1.810,190.746,0.930617
1.811,190.770,0.928221
1.812,190.898,0.920592
1.813,190.846,0.925783
1.814,190.895,0.923756
1.815,190.799,0.923505
1.816,190.879,0.923202
1.817,191.097,0.921125
1.818,191.138,0.925893
1.819,191.178,0.926579
1.820,191.142,0.915242
1.821,191.327,0.926176
1.822,191.358,0.933989
1.823,191.527,0.941848
1.824,191.599,0.944186
1.825,191.638,0.936758
1.826,191.801,0.938812
1.827,191.900,0.947048
1.828,192.016,0.946673
1.829,192.078,0.950020
1.830,192.055,0.942689
1.831,192.229,0.940833
1.832,192.267,0.941093
1.833,192.464,0.939697
1.834,192.516,0.938233
1.835,192.580,0.936695
1.836,192.723,0.921394
1.837,192.930,0.920833
1.838,193.192,0.905451
1.839,193.285,0.901330
1.840,193.358,0.903285
1.841,193.557,0.897564
1.842,193.820,0.916318
1.843,194.041,0.925316
1.844,194.277,0.926572
1.845,194.422,0.930623
1.846,194.608,0.921693
1.847,194.825,0.923713
1.848,194.928,0.930018
1.849,195.123,0.926104
1.850,195.220,0.927366
1.851,195.371,0.917316
1.852,195.533,0.912449
1.853,195.712,0.909743
1.854,195.826,0.921864
1.855,195.926,0.932305
1.856,196.026,0.934108
1.857,196.159,0.938272
1.858,196.261,0.944130
1.859,196.344,0.948941
1.860,196.443,0.950511
1.861,196.604,0.950107
1.862,196.722,0.945695
1.863,196.786,0.949390
1.864,196.894,0.946414
1.865,196.967,0.948021
1.866,197.271,0.939328
1.867,197.366,0.934212
1.868,197.462,0.932435
1.869,197.479,0.933462
1.870,197.574,0.931995
1.871,197.859,0.918948
1.872,197.939,0.922403
1.873,198.026,0.927619
1.874,198.019,0.928430
1.875,198.080,0.932326
1.876,198.282,0.940044
1.877,198.361,0.941094
1.878,198.414,0.941831
1.879,198.446,0.941270
1.880,198.424,0.942901
1.881,198.598,0.946709
1.882,198.625,0.945383
1.883,198.647,0.945475
1.884,198.671,0.943686
1.885,198.568,0.944585
1.886,198.676,0.947751
1.887,198.665,0.944644
1.888,198.646,0.944238
1.889,198.676,0.942871
1.890,198.591,0.944566
1.891,198.605,0.946082
1.892,198.588,0.943396
1.893,198.553,0.941184
1.894,198.579,0.939636
1.895,198.497,0.941875
1.896,198.523,0.942722
1.897,198.537,0.940467
1.898,198.497,0.937268
1.899,198.547,0.937340
1.900,198.493,0.940663
1.901,198.528,0.939554
1.902,198.614,0.939341
1.903,198.587,0.935943
1.904,198.629,0.936722
1.905,198.633,0.940376
1.906,198.686,0.938712
1.907,198.828,0.939625
1.908,198.825,0.934891
1.909,198.855,0.936393
1.910,198.930,0.939471
1.911,199.010,0.939127
1.912,199.115,0.939088
1.913,199.134,0.934758
1.914,199.196,0.934324
1.915,199.252,0.937125
1.916,199.336,0.936821
1.917,199.430,0.935042
1.918,199.468,0.930275
1.919,199.543,0.927562
1.920,199.567,0.930172
1.921,199.634,0.930182
1.922,199.696,0.928743
1.923,199.749,0.923776
1.924,199.827,0.919973
1.925,199.820,0.921911
1.926,199.902,0.921365
1.927,199.961,0.919259
1.928,200.051,0.910930
1.929,200.131,0.907322
1.930,200.134,0.906078
1.931,200.213,0.906699
1.932,200.324,0.909788
1.933,200.396,0.908208
1.934,200.477,0.914554
1.935,200.527,0.916081
1.936,200.644,0.923180
1.937,200.778,0.928607
1.938,200.863,0.926657
1.939,200.996,0.929704
1.940,201.087,0.933103
1.941,201.257,0.937377
1.942,201.432,0.937173
1.943,201.536,0.934628
1.944,201.711,0.931482
1.945,201.802,0.932367
1.946,202.030,0.931173
1.947,202.138,0.926363
1.948,202.274,0.921633
1.949,202.505,0.913148
1.950,202.628,0.918166
1.951,202.850,0.934734
1.952,202.897,0.935885
1.953,203.027,0.941514
1.954,203.223,0.948211
1.955,203.427,0.953462
1.956,203.593,0.957789
1.957,203.668,0.958035
1.958,203.823,0.959083
1.959,204.030,0.955849
1.960,204.279,0.954767
1.961,204.404,0.952326
1.962,204.531,0.948482
1.963,204.635,0.945243
1.964,204.954,0.928335
1.965,205.107,0.936848
1.966,205.234,0.938757
1.967,205.411,0.943706
1.968,205.545,0.942551
1.969,205.824,0.944093
1.970,206.018,0.941231
1.971,206.182,0.937733
1.972,206.434,0.931823
1.973,206.573,0.924930
1.974,206.953,0.910898
1.975,207.194,0.893210
1.976,207.402,0.880506
1.977,207.700,0.887338
1.978,207.941,0.891382
1.979,208.418,0.894802
1.980,208.790,0.892741
1.981,208.979,0.884135
1.982,209.394,0.870228
1.983,209.760,0.858722
1.984,210.267,0.873280
1.985,210.584,0.882210
1.986,210.959,0.888769
1.987,211.343,0.883524
1.988,211.793,0.871600
1.989,212.148,0.876086
1.990,212.425,0.893046
1.991,212.728,0.901827
1.992,213.244,0.918866
1.993,213.472,0.916196
1.994,213.844,0.909665
1.995,214.205,0.896455
1.996,214.658,0.898942
1.997,214.970,0.916926
1.998,215.159,0.918815
1.999,215.672,0.921978
2.000,215.949,0.913829
2.001,216.250,0.905737
2.002,216.339,0.892258
2.003,216.610,0.878322
2.004,216.668,0.871019
2.005,216.820,0.865018
2.006,216.805,0.855101
2.007,217.059,0.857405
2.008,217.085,0.850661
2.009,217.225,0.844929
2.010,217.014,0.823365
2.011,216.968,0.810157
2.012,217.086,0.804186
2.013,216.885,0.778742
2.014,216.729,0.760033
2.015,216.371,0.732892
2.016,216.504,0.715672
2.017,216.538,0.690532
2.018,215.545,0.655938
2.019,215.493,0.664381
2.020,215.299,0.666885
2.021,214.714,0.655158
2.022,214.624,0.649673
2.023,214.266,0.668201
2.024,214.090,0.668350
2.025,213.252,0.649441
2.026,213.827,0.647801
2.027,212.980,0.642553
2.028,212.728,0.574020
2.029,211.223,0.551641
2.030,212.586,0.528692
2.031,211.865,0.518712
2.032,212.583,0.415008
2.033,209.591,0.300547
2.034,212.958,0.258924
2.035,213.138,0.293495
2.036,215.878,0.193514
2.037,217.330,0.316466
2.038,217.239,0.146999
2.039,219.115,0.137313
2.040,219.455,0.143258
2.041,219.974,0.071927
2.042,879.537,0.036649
2.043,884.050,0.018724
2.044,882.950,0.016360
2.045,32.825,0.017845
2.046,43.781,0.018297
2.047,32.919,0.027145
2.048,32.765,0.013194
2.049,32.410,0.016127
2.050,32.357,0.020612
2.051,32.337,0.019175
2.052,32.633,0.010959
2.053,32.679,0.015646
2.054,32.882,0.008641
2.055,33.004,0.011515
2.056,33.282,0.018268
2.057,33.202,0.026833
2.058,44.900,0.032038
2.059,35.402,0.029645
2.060,35.899,0.060168
2.061,35.451,0.033326
2.062,35.822,0.028269
2.063,33.810,0.025033
2.064,44.678,0.029441
2.065,34.124,0.029829
2.066,44.875,0.051204
2.067,34.060,0.044122
2.068,44.928,0.054519
2.069,34.147,0.067805
2.070,33.989,0.123475
2.071,34.110,0.146881
2.072,33.933,0.131028
2.073,34.029,0.166911
2.074,33.733,0.140891
2.075,33.918,0.297547
2.076,33.694,0.256312
2.077,33.909,0.357010
2.078,33.849,0.327067
2.079,33.916,0.321784
2.080,33.597,0.237043
2.081,33.520,0.231195
2.082,33.496,0.276275
2.083,33.874,0.203118
2.084,33.615,0.176978
2.085,33.914,0.311275
2.086,33.424,0.115019
2.087,254.452,0.035301
2.088,221.233,0.087264
2.089,224.325,0.064416
2.090,274.720,0.208426
2.091,270.126,0.244518
2.092,271.978,0.225428
2.093,272.420,0.232161
2.094,272.518,0.152158
2.095,269.252,0.166450
2.096,266.661,0.206609
2.097,267.372,0.187052
2.098,239.127,0.216970
2.099,267.126,0.158335
2.100,265.728,0.144656
2.101,266.705,0.161349
2.102,245.631,0.179446
2.103,264.160,0.125822
2.104,245.811,0.170332
2.105,263.811,0.119005
2.106,250.132,0.222650
2.107,243.201,0.192063
2.108,243.044,0.345078
2.109,239.889,0.309984
2.110,242.002,0.428678
2.111,238.030,0.430209
2.112,239.368,0.539246
2.113,237.491,0.579159
2.114,237.794,0.634492
2.115,236.613,0.665223
2.116,236.863,0.714469
2.117,236.133,0.731624
2.118,236.324,0.752747
2.119,235.669,0.778672
2.120,235.626,0.790125
2.121,235.259,0.837689
2.122,235.343,0.834201
2.123,235.051,0.868614
2.124,235.012,0.859357
2.125,234.674,0.885366
2.126,234.594,0.877553
2.127,234.369,0.904802
2.128,234.285,0.893920
2.129,233.914,0.908471
2.130,233.777,0.894652
2.131,233.500,0.904268
2.132,233.227,0.879284
2.133,232.906,0.877935
2.134,232.691,0.853040
2.135,232.365,0.877150
2.136,232.114,0.880239
2.137,231.809,0.886486
2.138,231.431,0.883565
2.139,231.078,0.889731
2.140,230.838,0.880623
2.141,230.585,0.881936
2.142,230.255,0.868572
2.143,230.033,0.870843
2.144,229.763,0.894404
2.145,229.532,0.907409
2.146,229.353,0.918222
2.147,229.050,0.929457
2.148,228.897,0.933387
2.149,228.837,0.935796
2.150,228.731,0.936777
2.151,228.544,0.944076
2.152,228.503,0.942773
2.153,228.489,0.943272
2.154,228.530,0.937892
2.155,228.594,0.939277
2.156,228.776,0.935490
2.157,228.742,0.940013
2.158,228.991,0.929455
2.159,229.071,0.930259
2.160,229.187,0.926370
2.161,229.261,0.925032
2.162,229.477,0.912610
2.163,229.641,0.904950
2.164,229.699,0.902744
2.165,229.831,0.891446
2.166,230.077,0.889889
2.167,230.214,0.895607
2.168,230.398,0.905000
2.169,230.454,0.908578
2.170,230.575,0.917815
2.171,230.805,0.922584
2.172,231.016,0.927040
2.173,231.056,0.924163
2.174,231.255,0.931159
2.175,231.442,0.928205
2.176,231.654,0.928553
2.177,231.681,0.923630
2.178,231.832,0.924061
2.179,231.981,0.921283
2.180,232.169,0.913661
2.181,232.214,0.910870
2.182,232.338,0.904704
2.183,232.319,0.907753
2.184,232.655,0.915414
2.185,232.649,0.914083
2.186,232.706,0.915693
2.187,232.698,0.925283
2.188,232.976,0.933189
2.189,233.074,0.935629
2.190,233.143,0.938092
2.191,233.208,0.946176
2.192,233.427,0.948936
2.193,233.568,0.948416
2.194,233.746,0.951849
2.195,233.738,0.955474
2.196,233.842,0.952542
2.197,234.047,0.951912
2.198,234.194,0.954346
2.199,234.229,0.954753
2.200,234.284,0.952225
2.201,234.541,0.946092
2.202,234.705,0.941380
2.203,234.683,0.942692
2.204,234.762,0.938233
2.205,234.942,0.926013
2.206,235.123,0.915397
2.207,235.271,0.908949
2.208,235.172,0.911094
2.209,235.298,0.891326
2.210,235.411,0.879897
2.211,235.440,0.882265
2.212,235.401,0.879952
2.213,235.445,0.859455
2.214,235.399,0.855366
2.215,235.482,0.831627
2.216,235.319,0.829730
2.217,235.335,0.802330
2.218,235.428,0.790146
2.219,235.322,0.758827
2.220,234.934,0.745885
2.221,234.400,0.726208
2.222,234.464,0.684443
2.223,234.256,0.639795
2.224,233.658,0.637877
2.225,232.442,0.588523
2.226,232.120,0.533873
2.227,231.716,0.506121
2.228,230.148,0.513562
2.229,229.409,0.531481
2.230,227.876,0.562683
2.231,227.788,0.484637
2.232,226.694,0.600303
2.233,226.814,0.584580
2.234,225.922,0.594954
2.235,224.894,0.561393
2.236,224.482,0.597081
2.237,224.515,0.630502
2.238,223.978,0.645289
2.239,223.010,0.592873
2.240,222.693,0.584807
2.241,222.867,0.615979
2.242,222.525,0.623254
2.243,221.759,0.584094
2.244,221.008,0.548110
2.245,220.986,0.587459
2.246,221.123,0.605488
2.247,220.527,0.602302
2.248,220.167,0.554498
2.249,220.071,0.633155
2.250,219.954,0.576799
2.251,220.004,0.583856
2.252,218.942,0.519378
2.253,217.874,0.548946
2.254,217.115,0.520207
2.255,217.375,0.506375
2.256,216.530,0.496135
2.257,214.831,0.498847
2.258,216.000,0.490389
2.259,215.515,0.492646
2.260,214.625,0.457497
2.261,214.960,0.496359
2.262,213.366,0.489879
2.263,213.029,0.482923
2.264,213.161,0.458889
2.265,213.139,0.397625
2.266,213.069,0.355778
2.267,209.752,0.352787
2.268,209.726,0.327785
2.269,209.706,0.271571
2.270,217.968,0.219411
2.271,204.233,0.171025
2.272,218.935,0.161558
2.273,202.941,0.127612
2.274,886.024,0.094607
2.275,885.756,0.045631
2.276,76.199,0.051070
2.277,38.190,0.059759
2.278,38.573,0.066882
2.279,38.179,0.104727
2.280,38.181,0.083365
2.281,38.110,0.180107
2.282,38.435,0.165788
2.283,38.160,0.111108
2.284,38.746,0.095366
2.285,37.808,0.088828
2.286,38.515,0.106112
2.287,63.919,0.065043
2.288,77.630,0.084163
2.289,64.701,0.069558
2.290,48.203,0.091718
2.291,64.488,0.084657
2.292,63.902,0.108628
2.293,48.690,0.073828
2.294,64.108,0.096896
2.295,64.485,0.085974
2.296,63.964,0.137912
2.297,64.472,0.088475
2.298,64.039,0.208978
2.299,64.214,0.195784
2.300,64.119,0.152206
2.301,64.137,0.123803
2.302,64.019,0.084530
2.303,42.548,0.080206
2.304,42.556,0.131653
2.305,42.580,0.099733
2.306,42.478,0.124953
2.307,42.417,0.142963
2.308,42.595,0.113676
2.309,42.680,0.124412
2.310,57.451,0.066130
2.311,42.570,0.059737
2.312,43.665,0.055877
2.313,44.238,0.042284
2.314,43.606,0.048021
2.315,55.544,0.044496
2.316,55.395,0.051781
2.317,55.468,0.045521
2.318,54.679,0.025081
2.319,55.273,0.027889
2.320,55.360,0.021938
2.321,58.225,0.034976
2.322,57.711,0.022351
2.323,61.435,0.024940
2.324,33.013,0.023575
2.325,32.908,0.054224
2.326,33.157,0.036228
2.327,33.046,0.057964
2.328,33.149,0.061074
2.329,33.094,0.124928
2.330,33.050,0.038643
2.331,32.942,0.146902
2.332,33.049,0.111195
2.333,33.228,0.165962
2.334,33.305,0.084591
2.335,33.262,0.137759
2.336,33.405,0.133482
2.337,33.513,0.221591
2.338,33.492,0.153889
2.339,33.450,0.213647
2.340,33.357,0.262209
2.341,33.471,0.246278
2.342,33.377,0.197698
2.343,33.499,0.216372
2.344,33.307,0.219948
2.345,33.465,0.161982
2.346,33.371,0.172855
2.347,33.557,0.109773
2.348,33.530,0.114845
2.349,33.467,0.079986
2.350,33.617,0.071267
2.351,33.708,0.084239
2.352,33.645,0.093668
2.353,33.523,0.035965
2.354,41.232,0.058271
2.355,43.750,0.046329
2.356,33.638,0.063642
2.357,45.435,0.070386
2.358,45.548,0.070611
2.359,45.766,0.186986
2.360,45.771,0.094766
2.361,33.911,0.111834
2.362,33.888,0.130695
2.363,33.840,0.288109
2.364,33.901,0.211524
2.365,33.903,0.246594
2.366,34.009,0.240876
2.367,34.003,0.318495
2.368,34.024,0.240723
2.369,34.141,0.250186
2.370,34.209,0.280828
2.371,34.206,0.298755
2.372,34.301,0.314725
2.373,34.247,0.190234
2.374,34.452,0.205190
2.375,34.446,0.170742
2.376,38.683,0.199255
2.377,34.523,0.107456
2.378,38.830,0.111115
2.379,34.776,0.113050
2.380,38.835,0.098260
2.381,34.772,0.081602
2.382,34.821,0.074138
2.383,34.708,0.079889
2.384,34.678,0.109812
2.385,34.621,0.112700
2.386,34.445,0.099868
2.387,34.443,0.116133
2.388,34.450,0.100032
2.389,34.702,0.063265
2.390,34.709,0.091837
2.391,38.780,0.078357
2.392,38.499,0.075586
2.393,38.474,0.053518
2.394,38.389,0.088560
2.395,38.178,0.070786
2.396,33.685,0.051626
2.397,38.493,0.036682
2.398,33.303,0.044173
2.399,37.617,0.028758
2.400,33.274,0.046620
2.401,36.220,0.037636
2.402,33.373,0.054711
2.403,37.118,0.064241
2.404,33.310,0.074095
2.405,33.077,0.059491
2.406,33.108,0.082684
2.407,33.109,0.075961
2.408,38.915,0.066000
2.409,38.120,0.078808
2.410,38.873,0.082205
2.411,38.234,0.149845
2.412,38.829,0.292585
2.413,38.522,0.209163
2.414,38.503,0.256790
2.415,38.441,0.209786
2.416,38.491,0.341560
2.417,38.281,0.232496
2.418,38.249,0.283776
2.419,38.196,0.166859
2.420,38.457,0.187027
2.421,38.334,0.189885
2.422,38.337,0.237670
2.423,38.408,0.330991
2.424,38.454,0.251800
2.425,38.449,0.167341
2.426,38.332,0.181787
2.427,38.416,0.146988
2.428,38.322,0.122444
2.429,38.427,0.100065
2.430,38.349,0.095687
2.431,38.353,0.076295
2.432,38.454,0.085305
2.433,38.307,0.164481
2.434,38.182,0.085874
2.435,38.070,0.053903
2.436,37.858,0.078486
2.437,37.785,0.114889
2.438,37.553,0.049458
2.439,37.650,0.075755
2.440,37.522,0.071484
2.441,37.390,0.090839
2.442,36.034,0.046913
2.443,33.349,0.046122
2.444,33.245,0.043456
2.445,36.157,0.056086
2.446,33.260,0.053534
2.447,36.990,0.066570
2.448,36.959,0.054233
2.449,36.977,0.079287
2.450,37.001,0.074431
2.451,37.026,0.058371
2.452,36.173,0.044824
2.453,36.947,0.054585
2.454,37.002,0.059893
2.455,37.012,0.074619
2.456,36.915,0.077496
2.457,36.916,0.114470
2.458,36.965,0.091815
2.459,36.848,0.179878
2.460,36.798,0.183236
2.461,36.851,0.199028
2.462,36.611,0.266188
2.463,36.808,0.264981
2.464,36.718,0.315818
2.465,36.886,0.305169
2.466,36.801,0.231708
2.467,37.109,0.201959
2.468,36.575,0.180410
2.469,37.081,0.141090
2.470,36.458,0.154515
2.471,36.286,0.162563
2.472,36.058,0.110748
2.473,32.616,0.101808
2.474,32.607,0.107945
2.475,36.033,0.098338
2.476,35.962,0.101122
2.477,32.656,0.069595
2.478,32.644,0.062261
2.479,36.000,0.052547
2.480,32.691,0.066165
2.481,32.775,0.063124
2.482,32.959,0.058729
2.483,32.990,0.036979
2.484,32.939,0.051888
2.485,32.984,0.066363
2.486,33.121,0.060122
2.487,33.086,0.049666
2.488,33.279,0.038079
2.489,33.366,0.046282
2.490,33.635,0.036568
2.491,39.930,0.024266
2.492,33.266,0.023733
2.493,33.279,0.032297
2.494,33.561,0.032775
2.495,33.576,0.040092
2.496,33.583,0.037913
2.497,33.603,0.023479
2.498,33.627,0.024283
2.499,34.028,0.012521
2.500,35.407,0.022378
2.501,34.401,0.015144
2.502,32.459,0.008587
2.503,32.425,0.007282
2.504,32.375,0.010444
2.505,32.373,0.008736
2.506,32.326,0.011026
2.507,32.288,0.012019
2.508,962.788,0.006832
