0.000,399.099,0.035462
0.010,32.105,0.088359
0.020,32.085,0.003153
0.030,80.960,0.010239
0.040,35.745,0.020036
0.050,35.550,0.081788
0.060,43.045,0.016701
0.070,32.176,0.073891
0.080,82.822,0.020268
0.090,32.690,0.031678
0.100,32.764,0.152897
0.110,32.670,0.114403
0.120,32.258,0.048048
0.130,469.654,0.109570
0.140,472.996,0.093075
0.150,157.718,0.095263
0.160,95.046,0.090015
0.170,97.836,0.070933
0.180,98.685,0.064056
0.190,82.887,0.054972
0.200,626.722,0.057108
0.210,241.240,0.044665
0.220,468.966,0.108122
0.230,32.359,0.078139
0.240,32.461,0.229821
0.250,32.624,0.129690
0.260,83.002,0.055992
0.270,32.705,0.034961
0.280,156.761,0.091124
0.290,32.466,0.394599
0.300,467.626,0.104416
0.310,32.168,0.063277
0.320,93.588,0.077836
0.330,84.835,0.117097
0.340,85.227,0.149430
0.350,175.435,0.018816
0.360,468.824,0.012370
0.370,464.529,0.064323
0.380,35.240,0.047092
0.390,92.419,0.028558
0.400,92.204,0.071490
0.410,86.403,0.087533
0.420,85.314,0.069134
0.430,468.520,0.115210
0.440,465.864,0.022068
0.450,48.046,0.136298
0.460,33.983,0.362366
0.470,48.582,0.048043
0.480,54.281,0.023848
0.490,659.936,0.034553
0.500,97.162,0.222777
0.510,95.494,0.197637
0.520,86.698,0.033915
0.530,32.324,0.034191
0.540,83.556,0.040060
0.550,84.405,0.018137
0.560,49.253,0.006300
0.570,598.902,0.031492
0.580,32.567,0.046743
0.590,99.093,0.042324
0.600,50.526,0.029569
0.610,94.128,0.075162
0.620,93.960,0.089972
0.630,625.055,0.057572
0.640,51.944,0.033902
0.650,49.388,0.020487
0.660,32.208,0.071220
0.670,102.666,0.042784
0.680,54.142,0.017241
0.690,54.211,0.027645
0.700,32.189,0.153436
0.710,32.290,0.109700
0.720,32.286,0.022209
0.730,32.388,0.024869
0.740,97.973,0.023980
0.750,103.877,0.135282
0.760,104.180,0.073766
0.770,99.776,0.035699
0.780,32.689,0.033697
0.790,99.796,0.060813
0.800,289.949,0.044961
0.810,287.095,0.347034
0.820,285.904,0.546477
0.830,288.222,0.719802
0.840,288.098,0.795509
0.850,288.431,0.712963
0.860,289.100,0.680789
0.870,289.325,0.774853
0.880,289.681,0.786099
0.890,289.188,0.848091
0.900,289.435,0.848593
0.910,289.612,0.880605
0.920,290.078,0.874275
0.930,289.622,0.865495
0.940,289.428,0.868841
0.950,289.323,0.880807
0.960,289.946,0.855035
0.970,290.539,0.886298
0.980,290.645,0.888079
0.990,291.110,0.890900
1.000,291.587,0.896393
1.010,291.900,0.906063
1.020,291.826,0.902448
1.030,291.925,0.913397
1.040,294.146,0.839706
1.050,299.201,0.411618
1.060,334.156,0.485453
1.070,338.226,0.702887
1.080,340.475,0.789109
1.090,342.760,0.847212
1.100,344.960,0.851918
1.110,345.637,0.906455
1.120,345.990,0.909478
1.130,346.096,0.892824
1.140,345.537,0.873277
1.150,343.759,0.798480
1.160,337.665,0.751456
1.170,330.030,0.781869
1.180,327.812,0.913644
1.190,327.676,0.937857
1.200,327.854,0.926846
1.210,326.915,0.930223
1.220,326.569,0.929333
1.230,327.616,0.923010
1.240,327.682,0.935857
1.250,327.471,0.941975
1.260,327.081,0.947086
1.270,326.291,0.928371
1.280,326.227,0.918449
1.290,326.158,0.926727
1.300,326.148,0.932989
1.310,326.033,0.931408
1.320,326.266,0.937244
1.330,326.149,0.935722
1.340,326.583,0.950202
1.350,326.641,0.953602
1.360,326.532,0.950090
1.370,326.159,0.934444
1.380,326.621,0.931906
1.390,327.341,0.924758
1.400,327.722,0.920707
1.410,327.085,0.934635
1.420,326.040,0.903094
1.430,322.904,0.861321
1.440,319.336,0.842724
1.450,317.681,0.788420
1.460,319.477,0.686341
1.470,322.314,0.678230
1.480,324.335,0.646207
1.490,326.155,0.780957
1.500,326.951,0.786570
1.510,322.719,0.841370
1.520,321.003,0.757213
1.530,322.646,0.677418
1.540,323.080,0.553683
1.550,276.496,0.604572
1.560,275.526,0.542392
1.570,276.321,0.846592
1.580,276.218,0.897727
1.590,276.759,0.901943
1.600,275.987,0.912998
1.610,275.950,0.901425
1.620,276.121,0.884180
1.630,275.867,0.897990
1.640,275.900,0.899435
1.650,275.764,0.911274
1.660,275.562,0.920149
1.670,275.795,0.925456
1.680,275.828,0.887361
1.690,276.098,0.885811
1.700,276.371,0.898954
1.710,275.636,0.925950
1.720,275.678,0.923305
1.730,275.452,0.924279
1.740,276.332,0.917262
1.750,275.472,0.925820
1.760,275.643,0.935100
1.770,275.105,0.932652
1.780,275.770,0.925435
1.790,275.484,0.912266
1.800,275.977,0.897444
1.810,275.880,0.846582
1.820,275.444,0.815670
1.830,270.940,0.819261
1.840,268.629,0.825816
1.850,266.712,0.845473
1.860,264.258,0.787099
1.870,262.188,0.788236
1.880,262.055,0.741773
1.890,263.420,0.804674
1.900,263.768,0.865215
1.910,262.041,0.834059
1.920,259.213,0.841516
1.930,260.924,0.828772
1.940,261.559,0.811921
1.950,263.187,0.870420
1.960,263.242,0.887104
1.970,262.369,0.899657
1.980,261.721,0.867390
1.990,259.835,0.875986
2.000,260.508,0.870727
2.010,261.552,0.867240
2.020,262.543,0.906016
2.030,262.434,0.921129
2.040,261.586,0.899374
2.050,261.351,0.889203
2.060,261.315,0.882315
2.070,261.483,0.889730
2.080,261.205,0.894732
2.090,261.640,0.925605
2.100,261.073,0.900822
2.110,260.037,0.918903
2.120,260.205,0.896388
2.130,260.844,0.896124
2.140,261.833,0.924691
2.150,262.144,0.939457
2.160,262.087,0.939539
2.170,261.365,0.931705
2.180,260.954,0.909637
2.190,260.905,0.916872
2.200,261.359,0.933001
2.210,262.015,0.953092
2.220,261.751,0.944250
2.230,262.234,0.951148
2.240,261.953,0.948849
2.250,261.213,0.929898
2.260,261.298,0.928278
2.270,261.448,0.940131
2.280,262.030,0.956397
2.290,262.526,0.959435
2.300,262.284,0.964857
2.310,262.256,0.962087
2.320,262.032,0.959385
2.330,261.900,0.958419
2.340,262.245,0.958991
2.350,262.093,0.960216
2.360,262.351,0.960766
2.370,262.905,0.952219
2.380,263.905,0.895822
2.390,265.638,0.897916
2.400,265.494,0.791895
2.410,264.895,0.563168
2.420,265.694,0.585350
2.430,266.670,0.644499
2.440,267.731,0.719918
2.450,268.298,0.801045
2.460,268.958,0.757932
2.470,269.471,0.768468
2.480,270.420,0.771637
2.490,269.178,0.596669
2.500,267.275,0.514720
2.510,267.962,0.688894
2.520,268.287,0.844082
2.530,267.704,0.754488
2.540,267.762,0.636964
2.550,269.673,0.617870
2.560,270.635,0.592008
2.570,270.765,0.641128
2.580,271.976,0.835421
2.590,272.822,0.877691
2.600,274.420,0.851025
2.610,276.124,0.854465
2.620,275.633,0.884010
2.630,275.114,0.938483
2.640,275.491,0.920535
2.650,276.138,0.868973
2.660,276.979,0.872764
2.670,277.197,0.901191
2.680,277.185,0.900612
2.690,276.307,0.891756
2.700,275.859,0.907113
2.710,275.442,0.912426
2.720,275.229,0.910103
2.730,276.285,0.864736
2.740,277.338,0.843435
2.750,276.787,0.845394
2.760,276.224,0.896784
2.770,276.028,0.917274
2.780,276.197,0.895963
2.790,276.437,0.886513
2.800,276.967,0.922421
2.810,277.583,0.935070
2.820,277.636,0.923125
2.830,277.214,0.931146
2.840,277.143,0.927670
2.850,277.428,0.926861
2.860,278.291,0.913585
2.870,278.317,0.910277
2.880,277.904,0.920508
2.890,277.616,0.929381
2.900,277.831,0.912881
2.910,277.566,0.902468
2.920,277.438,0.913343
2.930,277.651,0.912152
2.940,278.266,0.904960
2.950,278.319,0.896241
2.960,277.878,0.906650
2.970,277.126,0.883203
2.980,276.192,0.792124
2.990,276.489,0.631780
3.000,278.977,0.263360
3.010,369.728,0.657419
3.020,371.113,0.836177
3.030,371.721,0.842848
3.040,371.167,0.845669
3.050,370.162,0.873376
3.060,369.719,0.886806
3.070,369.935,0.878767
3.080,370.086,0.855132
3.090,370.417,0.830313
3.100,370.041,0.858756
3.110,369.604,0.826983
3.120,369.903,0.814618
3.130,370.520,0.834666
3.140,370.071,0.849731
3.150,370.597,0.836029
3.160,370.801,0.741663
3.170,370.812,0.763446
3.180,370.364,0.812434
3.190,370.297,0.846126
3.200,370.573,0.867268
3.210,370.945,0.870229
3.220,371.276,0.874462
3.230,371.264,0.898584
3.240,371.627,0.916008
3.250,372.745,0.918830
3.260,372.934,0.915437
3.270,372.143,0.930212
3.280,372.377,0.921100
3.290,372.807,0.909071
3.300,372.610,0.899500
3.310,371.500,0.911043
3.320,371.150,0.922655
3.330,371.199,0.924712
3.340,371.073,0.920335
3.350,370.695,0.927060
3.360,370.899,0.923613
3.370,371.346,0.932053
3.380,371.515,0.918191
3.390,371.389,0.922154
3.400,371.517,0.926260
3.410,372.733,0.914989
3.420,374.600,0.852959
3.430,373.977,0.875649
3.440,373.226,0.902415
3.450,373.477,0.907327
3.460,373.746,0.902663
3.470,373.250,0.912285
3.480,372.815,0.918762
3.490,372.933,0.909694
3.500,372.720,0.916034
3.510,372.074,0.926279
3.520,371.639,0.921968
3.530,372.053,0.927027
3.540,372.170,0.931572
3.550,371.454,0.933385
3.560,371.314,0.929537
3.570,371.305,0.932952
3.580,371.232,0.936315
3.590,370.842,0.931137
3.600,370.951,0.931855
3.610,371.998,0.927286
3.620,372.396,0.923949
3.630,372.497,0.925200
3.640,372.190,0.927420
3.650,372.650,0.916946
3.660,373.113,0.903923
3.670,373.178,0.905796
3.680,372.871,0.912326
3.690,373.096,0.892648
3.700,374.041,0.843881
3.710,374.735,0.884949
3.720,373.417,0.847566
3.730,372.791,0.881446
3.740,373.283,0.811932
3.750,373.873,0.788623
3.760,372.373,0.866530
3.770,372.735,0.905608
3.780,372.714,0.902478
3.790,372.929,0.874393
3.800,372.494,0.875893
3.810,371.952,0.889131
3.820,373.761,0.768966
3.830,373.993,0.716410
3.840,373.514,0.730754
3.850,373.831,0.483343
3.860,432.385,0.694084
3.870,432.676,0.758602
3.880,432.803,0.830628
3.890,432.791,0.871056
3.900,434.179,0.815746
3.910,433.678,0.828316
3.920,433.399,0.841899
3.930,434.755,0.834943
3.940,434.491,0.863389
3.950,436.097,0.885627
3.960,436.469,0.897417
3.970,436.362,0.898488
3.980,436.427,0.910275
3.990,436.150,0.909570
4.000,436.372,0.924707
4.010,436.647,0.913824
4.020,435.966,0.914719
4.030,436.548,0.912545
4.040,436.664,0.913575
4.050,436.249,0.917353
4.060,435.965,0.901557
4.070,436.584,0.912318
4.080,436.264,0.931647
4.090,436.472,0.931506
4.100,436.517,0.922989
4.110,436.687,0.923611
4.120,435.987,0.933363
4.130,435.575,0.936125
4.140,435.232,0.925077
4.150,436.391,0.934854
4.160,436.530,0.927661
4.170,436.509,0.939690
4.180,436.777,0.939245
4.190,436.863,0.934269
4.200,436.792,0.931069
4.210,436.721,0.928131
4.220,437.021,0.928912
4.230,437.389,0.921208
4.240,437.169,0.913470
4.250,437.055,0.916570
4.260,437.376,0.920763
4.270,437.269,0.918909
4.280,437.374,0.922203
4.290,437.360,0.933928
4.300,437.230,0.932464
4.310,437.084,0.926789
4.320,436.808,0.913465
4.330,436.522,0.907405
4.340,435.796,0.909949
4.350,435.704,0.909217
4.360,435.540,0.904024
4.370,435.642,0.910115
4.380,435.339,0.907323
4.390,435.089,0.907370
4.400,436.218,0.921772
4.410,436.105,0.927649
4.420,436.280,0.923061
4.430,436.281,0.910824
4.440,436.311,0.911731
4.450,435.951,0.910184
4.460,436.603,0.910177
4.470,436.408,0.890284
4.480,436.644,0.879229
4.490,436.516,0.866032
4.500,436.609,0.870562
4.510,436.868,0.876223
4.520,437.253,0.898845
4.530,437.359,0.911147
4.540,437.510,0.911884
4.550,437.321,0.896619
4.560,437.467,0.878183
4.570,437.641,0.866072
4.580,437.635,0.896926
4.590,437.433,0.901170
4.600,437.293,0.902805
4.610,436.754,0.900244
4.620,436.831,0.914046
4.630,436.425,0.907384
4.640,436.460,0.897992
4.650,436.787,0.902817
4.660,436.615,0.883216
4.670,436.459,0.841599
4.680,436.438,0.761902
4.690,436.601,0.759377
4.700,436.102,0.674305
4.710,436.599,0.677046
4.720,436.261,0.653084
4.730,436.789,0.610285
4.740,145.767,0.625924
4.750,145.886,0.682855
4.760,145.847,0.699590
4.770,145.980,0.458330
4.780,145.933,0.665880
4.790,145.839,0.715300
4.800,145.954,0.720473
4.810,146.073,0.753435
4.820,292.871,0.668533
4.830,292.912,0.734148
4.840,293.006,0.623767
4.850,293.555,0.783394
4.860,293.681,0.874284
4.870,293.470,0.891654
4.880,293.583,0.891237
4.890,294.074,0.921549
4.900,293.789,0.929720
4.910,293.919,0.926410
4.920,294.476,0.939232
4.930,294.645,0.940034
4.940,294.769,0.948202
4.950,295.148,0.947922
4.960,295.240,0.948936
4.970,295.203,0.954483
4.980,295.218,0.953293
4.990,294.806,0.951957
5.000,294.733,0.955496
5.010,294.708,0.956442
5.020,295.731,0.918367
5.030,296.696,0.661277
5.040,303.048,0.562327
5.050,308.597,0.391155
5.060,369.567,0.363787
5.070,370.152,0.777303
5.080,371.250,0.921777
5.090,370.383,0.918542
5.100,368.120,0.826829
5.110,363.676,0.651053
5.120,355.650,0.730825
5.130,349.704,0.816463
5.140,347.427,0.893681
5.150,347.298,0.896628
5.160,347.498,0.912959
5.170,347.799,0.918109
5.180,347.822,0.896536
5.190,347.696,0.907679
5.200,347.870,0.913426
5.210,347.880,0.909783
5.220,347.755,0.916817
5.230,347.952,0.917994
5.240,348.052,0.933949
5.250,347.909,0.920377
5.260,347.755,0.928726
5.270,347.998,0.919472
5.280,348.357,0.931067
5.290,348.198,0.932804
5.300,348.366,0.933931
5.310,348.459,0.934457
5.320,348.294,0.911502
5.330,348.480,0.939208
5.340,348.434,0.927659
5.350,348.595,0.939886
5.360,348.465,0.934223
5.370,348.634,0.946636
5.380,348.736,0.950523
5.390,349.111,0.962111
5.400,349.052,0.963685
5.410,349.466,0.969562
5.420,349.331,0.969556
5.430,349.293,0.961898
5.440,348.844,0.956110
5.450,348.554,0.944881
5.460,348.055,0.931423
5.470,347.343,0.943016
5.480,346.639,0.953327
5.490,345.099,0.921337
5.500,343.607,0.849571
5.510,342.840,0.780770
5.520,345.614,0.796634
5.530,347.715,0.728743
5.540,350.427,0.752672
5.550,348.169,0.749939
5.560,347.992,0.584640
5.570,346.093,0.709308
5.580,346.340,0.599198
5.590,346.680,0.547038
5.600,292.803,0.429807
5.610,293.264,0.570942
5.620,293.923,0.807928
5.630,293.786,0.805061
5.640,293.117,0.802447
5.650,292.074,0.843679
5.660,292.366,0.876355
5.670,292.024,0.875211
5.680,291.792,0.874811
5.690,291.563,0.838290
5.700,291.953,0.833177
5.710,291.302,0.827227
5.720,291.004,0.837508
5.730,291.543,0.849476
5.740,291.448,0.857359
5.750,291.651,0.864503
5.760,291.909,0.843223
5.770,291.456,0.851467
5.780,292.011,0.829430
5.790,291.710,0.830419
5.800,291.558,0.847537
5.810,291.525,0.813246
5.820,291.546,0.802051
5.830,291.487,0.752747
5.840,291.419,0.762150
5.850,291.884,0.770568
5.860,291.572,0.809349
5.870,292.041,0.842536
5.880,291.738,0.839984
5.890,291.582,0.861537
5.900,291.594,0.849546
5.910,291.852,0.867602
5.920,291.812,0.870288
5.930,291.748,0.825471
5.940,292.457,0.689572
5.950,291.853,0.499784
5.960,286.354,0.487892
5.970,279.908,0.623413
5.980,280.059,0.697813
5.990,280.178,0.776616
6.000,279.241,0.834053
6.010,277.655,0.819547
6.020,275.285,0.781570
6.030,275.564,0.788182
6.040,277.441,0.781814
6.050,277.260,0.856348
6.060,276.907,0.899072
6.070,276.521,0.893583
6.080,275.945,0.913545
6.090,275.401,0.927571
6.100,275.360,0.927441
6.110,275.205,0.927965
6.120,275.883,0.913675
6.130,276.016,0.910685
6.140,276.092,0.916990
6.150,275.954,0.926110
6.160,276.250,0.905004
6.170,275.926,0.924408
6.180,275.910,0.922391
6.190,275.977,0.921579
6.200,275.966,0.927874
6.210,275.817,0.934904
6.220,275.612,0.932455
6.230,275.651,0.926835
6.240,275.786,0.925905
6.250,276.040,0.912054
6.260,276.372,0.902745
6.270,276.252,0.906991
6.280,276.114,0.921638
6.290,276.385,0.896966
6.300,276.273,0.905588
6.310,275.998,0.917666
6.320,276.121,0.921849
6.330,276.513,0.893070
6.340,276.397,0.899568
6.350,276.409,0.906826
6.360,276.431,0.910113
6.370,276.218,0.914247
6.380,276.096,0.927007
6.390,276.202,0.914934
6.400,276.417,0.908539
6.410,276.425,0.911201
6.420,276.334,0.918868
6.430,276.266,0.919191
6.440,276.284,0.922763
6.450,276.357,0.923461
6.460,276.359,0.917771
6.470,276.494,0.920282
6.480,276.383,0.911905
6.490,276.262,0.922083
6.500,276.318,0.909764
6.510,276.140,0.926612
6.520,276.068,0.922066
6.530,276.070,0.935212
6.540,276.153,0.923440
6.550,276.244,0.921789
6.560,276.199,0.923561
6.570,276.331,0.928051
6.580,276.407,0.920488
6.590,276.392,0.923744
6.600,276.405,0.921343
6.610,276.636,0.926380
6.620,276.653,0.925687
6.630,276.613,0.936256
6.640,276.637,0.930174
6.650,276.789,0.932730
6.660,276.700,0.934243
6.670,276.665,0.922410
6.680,276.505,0.914728
6.690,276.641,0.901369
6.700,276.527,0.904606
6.710,276.252,0.909093
6.720,275.922,0.922430
6.730,276.141,0.913710
6.740,276.129,0.913632
6.750,275.992,0.917265
6.760,276.123,0.924899
6.770,276.345,0.908095
6.780,276.482,0.907257
6.790,276.246,0.921104
6.800,276.598,0.922123
6.810,276.636,0.926262
6.820,276.609,0.922730
6.830,276.562,0.926154
6.840,276.494,0.918584
6.850,276.535,0.922679
6.860,276.776,0.923314
6.870,276.633,0.930386
6.880,276.500,0.916653
6.890,276.284,0.910234
6.900,276.475,0.904503
6.910,276.502,0.904097
6.920,276.395,0.897781
6.930,276.446,0.905093
6.940,276.495,0.900929
6.950,276.530,0.896990
6.960,276.408,0.909767
6.970,276.412,0.893635
6.980,276.530,0.911011
6.990,276.568,0.912490
7.000,276.630,0.929743
7.010,277.030,0.930089
7.020,277.021,0.937630
7.030,277.177,0.935604
7.040,277.341,0.935019
7.050,277.478,0.934697
7.060,277.692,0.932921
7.070,277.485,0.919668
7.080,277.333,0.925389
7.090,277.269,0.932860
7.100,277.611,0.921031
7.110,277.318,0.930565
7.120,277.304,0.916104
7.130,277.440,0.935665
7.140,277.518,0.934746
7.150,277.354,0.937822
7.160,277.234,0.936339
7.170,277.183,0.931881
7.180,277.014,0.932492
7.190,277.033,0.923904
7.200,276.742,0.924530
7.210,276.585,0.907606
7.220,276.588,0.912120
7.230,276.666,0.914200
7.240,276.937,0.922488
7.250,277.059,0.927440
7.260,277.175,0.928506
7.270,277.167,0.942894
7.280,277.353,0.936557
7.290,277.282,0.947324
7.300,277.319,0.947238
7.310,277.395,0.946860
7.320,277.290,0.943903
7.330,277.348,0.942801
7.340,277.183,0.939656
7.350,277.359,0.936620
7.360,277.305,0.929158
7.370,277.417,0.930495
7.380,277.264,0.940407
7.390,277.329,0.939347
7.400,277.343,0.950558
7.410,277.421,0.940058
7.420,277.608,0.947537
7.430,277.490,0.947294
7.440,277.534,0.949514
7.450,277.349,0.948886
7.460,277.508,0.949921
7.470,277.300,0.949397
7.480,277.233,0.950166
7.490,277.218,0.951678
7.500,277.455,0.948294
7.510,277.762,0.944805
7.520,277.661,0.948295
7.530,277.710,0.947016
7.540,277.626,0.945101
7.550,277.691,0.948615
7.560,277.473,0.947459
7.570,277.567,0.942152
7.580,277.550,0.945829
7.590,277.742,0.939612
7.600,277.646,0.945898
7.610,277.607,0.947267
7.620,277.858,0.941740
7.630,277.724,0.946296
7.640,277.764,0.942068
7.650,277.561,0.947332
7.660,277.577,0.943273
7.670,277.618,0.951025
7.680,277.789,0.943079
7.690,278.004,0.948017
7.700,277.961,0.948132
7.710,278.050,0.948507
7.720,277.956,0.953407
7.730,278.092,0.944532
7.740,277.882,0.949742
7.750,277.752,0.948067
7.760,277.662,0.953461
7.770,277.739,0.946133
7.780,277.802,0.948249
7.790,277.707,0.943741
7.800,277.840,0.937446
7.810,277.811,0.934137
7.820,278.059,0.917265
7.830,277.822,0.927605
7.840,277.657,0.918542
7.850,277.623,0.917428
7.860,277.955,0.886994
7.870,278.030,0.791135
7.880,276.050,0.689124
7.890,621.574,0.333785
7.900,621.727,0.765728
7.910,622.613,0.898455
7.920,622.189,0.918449
7.930,621.900,0.930103
7.940,622.945,0.943011
7.950,622.668,0.929504
7.960,622.614,0.930659
7.970,622.282,0.937912
7.980,622.015,0.946980
7.990,622.527,0.952082
8.000,622.629,0.952984
8.010,621.836,0.945922
8.020,622.945,0.966348
8.030,623.052,0.959303
8.040,622.484,0.950654
8.050,622.020,0.925108
8.060,621.890,0.934287
8.070,621.659,0.933857
8.080,622.475,0.921482
8.090,622.837,0.936464
8.100,622.877,0.953087
8.110,623.544,0.953683
8.120,624.000,0.883030
8.130,624.109,0.909439
8.140,623.578,0.930859
8.150,623.061,0.941229
8.160,622.335,0.934936
8.170,622.423,0.942645
8.180,623.113,0.957620
8.190,622.789,0.960419
8.200,623.500,0.952908
8.210,622.649,0.948046
8.220,622.443,0.951183
8.230,622.875,0.964887
8.240,623.230,0.962107
8.250,623.218,0.954691
8.260,623.026,0.958322
8.270,622.926,0.963568
8.280,623.430,0.962273
8.290,624.002,0.959410
8.300,623.567,0.966992
8.310,623.719,0.971218
8.320,623.575,0.969566
8.330,623.345,0.963393
8.340,623.011,0.963985
8.350,623.266,0.971748
8.360,623.315,0.973431
8.370,622.825,0.969376
8.380,622.928,0.970972
8.390,622.898,0.972505
8.400,623.230,0.972698
8.410,623.092,0.969329
8.420,623.287,0.969699
8.430,623.316,0.973051
8.440,623.018,0.967288
8.450,622.914,0.965015
8.460,623.071,0.967327
8.470,623.125,0.968318
8.480,623.177,0.966228
8.490,623.146,0.962109
8.500,623.357,0.963594
8.510,623.393,0.964228
8.520,623.505,0.963471
8.530,623.443,0.964466
8.540,623.500,0.965605
8.550,623.697,0.967067
8.560,623.628,0.960789
8.570,623.682,0.963382
8.580,623.500,0.963193
8.590,623.566,0.963003
8.600,623.455,0.957420
8.610,623.678,0.954832
8.620,623.450,0.957281
8.630,623.437,0.960395
8.640,623.440,0.960150
8.650,623.380,0.958524
8.660,623.298,0.958903
8.670,623.481,0.962687
8.680,623.477,0.964066
8.690,623.728,0.960238
8.700,623.673,0.959835
8.710,623.650,0.961074
8.720,623.559,0.961665
8.730,623.498,0.960312
8.740,623.717,0.958527
8.750,623.540,0.957403
8.760,623.497,0.961272
8.770,623.757,0.962421
8.780,623.956,0.961698
8.790,623.854,0.964026
8.800,623.867,0.967684
8.810,623.775,0.965593
8.820,623.811,0.964726
8.830,623.770,0.965383
8.840,623.484,0.967674
8.850,623.403,0.966239
8.860,623.455,0.964832
8.870,623.552,0.965333
8.880,623.460,0.968072
8.890,623.361,0.965798
8.900,623.419,0.964444
8.910,623.397,0.963766
8.920,623.431,0.962810
8.930,623.263,0.963313
8.940,623.331,0.959375
8.950,623.151,0.959604
8.960,623.207,0.960919
8.970,623.473,0.960479
8.980,623.795,0.957828
8.990,623.730,0.958859
9.000,624.220,0.961470
9.010,624.362,0.958748
9.020,624.383,0.958208
9.030,624.220,0.962560
9.040,624.374,0.963979
9.050,624.416,0.961263
9.060,624.293,0.962355
9.070,624.192,0.965007
9.080,624.035,0.966680
9.090,624.121,0.966406
9.100,624.050,0.968487
9.110,624.065,0.969640
9.120,623.871,0.970398
9.130,623.621,0.968604
9.140,623.578,0.967884
9.150,623.286,0.965088
9.160,623.090,0.961100
9.170,623.067,0.956646
9.180,623.462,0.956117
9.190,624.006,0.956378
9.200,624.603,0.958061
9.210,624.645,0.951358
9.220,624.691,0.961025
9.230,624.661,0.961193
9.240,624.927,0.964309
9.250,624.757,0.960948
9.260,624.368,0.967759
9.270,624.455,0.967338
9.280,624.256,0.968179
9.290,623.925,0.969281
9.300,623.580,0.972418
9.310,623.870,0.972421
9.320,623.882,0.972140
9.330,623.347,0.967544
9.340,623.192,0.966073
9.350,622.985,0.959927
9.360,622.868,0.961834
9.370,623.226,0.955511
9.380,623.656,0.947501
9.390,623.840,0.939787
9.400,624.244,0.955119
9.410,624.615,0.954540
9.420,624.651,0.958616
9.430,624.076,0.959837
9.440,623.778,0.957836
9.450,623.587,0.960636
9.460,623.604,0.967427
9.470,623.889,0.969240
9.480,623.675,0.969945
9.490,623.635,0.970592
9.500,623.557,0.970054
9.510,623.998,0.965190
9.520,624.260,0.965818
9.530,625.166,0.954749
9.540,627.195,0.913991
9.550,626.605,0.903618
9.560,625.038,0.929264
9.570,624.804,0.937595
9.580,624.650,0.936063
9.590,624.580,0.936116
9.600,623.663,0.953778
9.610,624.453,0.951502
9.620,624.807,0.936086
9.630,623.979,0.936811
9.640,624.221,0.932885
9.650,624.490,0.938898
9.660,624.410,0.920711
9.670,623.569,0.919606
9.680,623.416,0.934667
9.690,623.193,0.952332
9.700,623.105,0.946049
9.710,622.781,0.942786
9.720,622.054,0.943728
9.730,621.779,0.937698
9.740,621.515,0.940850
9.750,621.312,0.926408
9.760,621.732,0.921621
9.770,621.336,0.910187
9.780,621.146,0.909511
9.790,621.198,0.909314
9.800,621.622,0.920103
9.810,620.552,0.879373
9.820,620.413,0.631885
9.830,556.488,0.379399
9.840,555.047,0.711387
9.850,554.075,0.812030
9.860,553.923,0.857498
9.870,553.389,0.876112
9.880,553.613,0.892078
9.890,553.771,0.917455
9.900,554.091,0.922927
9.910,553.790,0.915547
9.920,553.903,0.908697
9.930,553.778,0.912107
9.940,554.064,0.914528
9.950,553.910,0.916705
9.960,553.845,0.912609
9.970,554.313,0.917894
9.980,554.392,0.915915
9.990,554.509,0.909122
10.000,554.306,0.899571
10.010,554.096,0.907146
10.020,554.275,0.920257
10.030,554.392,0.924455
10.040,554.477,0.924884
10.050,554.667,0.919716
10.060,554.878,0.928427
10.070,555.271,0.927803
10.080,555.602,0.926338
10.090,555.739,0.921929
10.100,556.157,0.924136
10.110,555.124,0.897666
10.120,552.675,0.835965
10.130,552.044,0.765990
10.140,549.089,0.478404
10.150,494.503,0.522001
10.160,495.748,0.604120
10.170,495.338,0.725809
10.180,494.480,0.813127
10.190,493.716,0.724888
10.200,494.124,0.754258
10.210,494.235,0.741014
10.220,494.303,0.738221
10.230,493.619,0.801289
10.240,492.870,0.700654
10.250,492.621,0.750558
10.260,493.051,0.838114
10.270,493.683,0.887094
10.280,493.801,0.906270
10.290,493.636,0.918392
10.300,492.892,0.909739
10.310,491.275,0.895883
10.320,487.926,0.823197
10.330,480.794,0.710519
10.340,471.843,0.704178
10.350,466.785,0.871880
10.360,467.525,0.908056
10.370,468.305,0.901941
10.380,468.322,0.825480
10.390,468.705,0.856789
10.400,469.148,0.879195
10.410,468.101,0.894427
10.420,467.037,0.927316
10.430,467.508,0.920065
10.440,466.123,0.893705
10.450,463.033,0.865984
10.460,460.043,0.789939
10.470,457.944,0.492362
10.480,424.009,0.511434
10.490,418.689,0.736540
10.500,416.079,0.849971
10.510,415.242,0.866322
10.520,414.915,0.864690
10.530,414.296,0.897185
10.540,414.678,0.877348
10.550,413.813,0.913039
10.560,414.651,0.879595
10.570,413.864,0.865097
10.580,414.544,0.861488
10.590,414.278,0.852877
10.600,414.739,0.846020
10.610,414.376,0.874881
10.620,414.210,0.869046
10.630,414.489,0.816009
10.640,415.120,0.800979
10.650,414.289,0.837670
10.660,414.427,0.840087
10.670,414.465,0.848391
10.680,414.525,0.870623
10.690,414.524,0.865116
10.700,414.615,0.881375
10.710,414.511,0.898765
10.720,414.251,0.905041
10.730,414.214,0.898894
10.740,414.088,0.916204
10.750,414.016,0.921580
10.760,413.802,0.909852
10.770,414.303,0.884918
10.780,413.992,0.905575
10.790,414.380,0.895241
10.800,413.936,0.909028
10.810,413.811,0.897171
10.820,413.746,0.913145
10.830,414.176,0.913624
10.840,413.917,0.927013
10.850,413.952,0.917682
10.860,414.071,0.924082
10.870,414.474,0.914698
10.880,414.524,0.913719
10.890,414.487,0.918735
10.900,414.822,0.920442
10.910,414.796,0.925491
10.920,414.976,0.930244
10.930,414.724,0.930868
10.940,414.681,0.924263
10.950,414.352,0.916627
10.960,414.041,0.913626
10.970,413.903,0.911970
10.980,413.551,0.907629
10.990,413.569,0.917623
11.000,413.728,0.926436
11.010,413.527,0.928669
11.020,413.602,0.925249
11.030,413.099,0.913297
11.040,413.019,0.908379
11.050,413.036,0.917116
11.060,413.581,0.918443
11.070,414.109,0.900868
11.080,414.541,0.902760
11.090,414.612,0.905786
11.100,414.703,0.908038
11.110,414.663,0.901573
11.120,414.333,0.902509
11.130,414.258,0.899349
11.140,414.050,0.902266
11.150,413.936,0.914799
11.160,413.801,0.925108
11.170,413.479,0.919911
11.180,413.627,0.920294
11.190,413.694,0.917924
11.200,413.563,0.910241
11.210,413.915,0.901075
11.220,413.636,0.905490
11.230,413.894,0.906297
11.240,413.458,0.927664
11.250,413.372,0.930347
11.260,414.519,0.887746
11.270,414.998,0.902352
11.280,414.828,0.905943
11.290,415.104,0.924947
11.300,415.243,0.932838
11.310,414.909,0.927476
11.320,414.656,0.926312
11.330,414.141,0.907891
11.340,413.876,0.915161
11.350,413.896,0.915939
11.360,414.125,0.917624
11.370,413.950,0.927954
11.380,413.815,0.919440
11.390,413.548,0.917002
11.400,413.272,0.937686
11.410,413.258,0.916716
11.420,412.840,0.890392
11.430,412.327,0.871757
11.440,412.741,0.810685
11.450,414.998,0.801129
11.460,416.468,0.817418
11.470,415.592,0.855705
11.480,414.657,0.845340
11.490,414.422,0.840109
11.500,413.853,0.819041
11.510,413.263,0.771372
11.520,411.880,0.784309
11.530,412.110,0.821513
11.540,413.276,0.786880
11.550,411.998,0.830890
11.560,410.258,0.767229
11.570,409.561,0.635288
11.580,412.448,0.406872
11.590,412.383,0.454787
11.600,411.684,0.651600
11.610,413.271,0.684329
11.620,415.255,0.621314
11.630,415.622,0.669667
11.640,414.948,0.795487
11.650,414.972,0.848548
11.660,415.586,0.839784
11.670,414.940,0.839546
11.680,414.393,0.827352
11.690,413.874,0.872326
11.700,414.035,0.878955
11.710,414.002,0.825543
11.720,412.708,0.868284
11.730,412.576,0.861573
11.740,413.016,0.843123
11.750,413.294,0.815732
11.760,412.778,0.846007
11.770,412.763,0.853346
11.780,413.178,0.824410
11.790,413.185,0.767323
11.800,411.238,0.817697
11.810,411.532,0.869222
11.820,412.290,0.885241
11.830,413.251,0.872675
11.840,413.605,0.832572
11.850,413.082,0.885047
11.860,412.611,0.919082
11.870,413.256,0.887825
11.880,413.043,0.901208
11.890,413.110,0.909559
11.900,413.247,0.898855
11.910,413.212,0.895073
11.920,412.623,0.884379
11.930,410.705,0.874596
11.940,407.665,0.795312
11.950,406.332,0.728373
11.960,403.979,0.524166
11.970,403.787,0.441667
11.980,312.973,0.448202
11.990,310.178,0.694249
12.000,309.923,0.667559
12.010,309.198,0.772571
12.020,309.465,0.825166
12.030,310.307,0.743759
12.040,311.171,0.806231
12.050,311.023,0.832838
12.060,310.764,0.821090
12.070,310.749,0.821666
12.080,310.731,0.794575
12.090,310.526,0.811627
12.100,310.086,0.820060
12.110,310.429,0.816435
12.120,310.493,0.828532
12.130,310.708,0.839517
12.140,310.716,0.870377
12.150,310.640,0.868872
12.160,311.130,0.904727
12.170,310.972,0.907245
12.180,310.271,0.886592
12.190,310.526,0.873619
12.200,311.031,0.890168
12.210,310.972,0.881640
12.220,310.683,0.877330
12.230,310.521,0.865624
12.240,310.953,0.897374
12.250,310.616,0.885010
12.260,310.460,0.878833
12.270,310.814,0.894079
12.280,310.878,0.898566
12.290,311.191,0.911848
12.300,311.030,0.903513
12.310,311.190,0.928391
12.320,311.791,0.942329
12.330,313.332,0.921780
12.340,314.287,0.892776
12.350,316.134,0.872114
12.360,314.985,0.680438
12.370,368.043,0.368699
12.380,370.555,0.829820
12.390,369.292,0.870994
12.400,370.193,0.920131
12.410,369.587,0.908019
12.420,369.598,0.902602
12.430,368.611,0.912275
12.440,368.993,0.909932
12.450,368.983,0.910934
12.460,368.730,0.910311
12.470,369.435,0.916747
12.480,369.710,0.926597
12.490,370.000,0.900449
12.500,370.784,0.832006
12.510,372.450,0.588234
12.520,369.622,0.561978
12.530,406.969,0.768484
12.540,407.186,0.827072
12.550,407.951,0.806899
12.560,407.373,0.783655
12.570,408.406,0.786448
12.580,408.230,0.768467
12.590,407.653,0.775234
12.600,407.329,0.825657
12.610,405.431,0.803867
12.620,404.829,0.708476
12.630,405.892,0.495345
12.640,459.090,0.365371
12.650,460.780,0.652647
12.660,461.383,0.794415
12.670,463.498,0.877891
12.680,464.036,0.880268
12.690,465.025,0.914585
12.700,464.486,0.913194
12.710,465.173,0.913323
12.720,464.953,0.895414
12.730,467.370,0.870938
12.740,470.835,0.521173
12.750,475.296,0.221186
12.760,550.514,0.734741
12.770,554.673,0.764615
12.780,555.230,0.822834
12.790,554.109,0.853166
12.800,550.371,0.790661
12.810,544.541,0.619386
12.820,543.955,0.369173
12.830,613.951,0.501663
12.840,618.741,0.844050
12.850,620.077,0.858368
12.860,620.531,0.874205
12.870,621.679,0.929085
12.880,621.342,0.923039
12.890,621.954,0.949910
12.900,621.992,0.943833
12.910,621.768,0.938903
12.920,621.853,0.935994
12.930,621.718,0.933699
12.940,622.241,0.950967
12.950,622.375,0.953187
12.960,622.623,0.956699
12.970,623.139,0.955223
12.980,623.871,0.945491
12.990,621.781,0.892991
13.000,621.462,0.790276
13.010,558.612,0.763939
13.020,560.298,0.845168
13.030,561.681,0.853448
13.040,560.545,0.894600
13.050,558.083,0.884526
13.060,553.106,0.709258
13.070,553.439,0.524232
13.080,618.019,0.663034
13.090,621.832,0.908916
13.100,623.414,0.949700
13.110,623.017,0.951281
13.120,623.107,0.954779
13.130,622.882,0.956392
13.140,623.279,0.958025
13.150,624.777,0.960545
13.160,627.950,0.894887
13.170,637.850,0.533791
13.180,662.960,0.426180
13.190,691.122,0.854800
13.200,691.864,0.874812
13.210,691.625,0.841567
13.220,690.020,0.662254
13.230,632.741,0.611257
13.240,628.737,0.843416
13.250,625.575,0.935595
13.260,624.597,0.948789
13.270,625.470,0.955918
13.280,625.758,0.951185
13.290,625.383,0.957289
13.300,624.561,0.955610
13.310,624.120,0.961839
13.320,623.602,0.962281
13.330,623.448,0.964041
13.340,623.272,0.967111
13.350,623.305,0.969600
13.360,623.511,0.971366
13.370,623.739,0.968932
13.380,624.005,0.961541
13.390,624.206,0.965232
13.400,624.885,0.960880
13.410,627.290,0.898294
13.420,628.862,0.743344
13.430,629.001,0.634454
13.440,624.516,0.643105
13.450,569.877,0.507376
13.460,566.021,0.749267
13.470,564.685,0.827054
13.480,560.333,0.816428
13.490,558.757,0.890548
13.500,557.721,0.895409
13.510,557.715,0.919030
13.520,558.594,0.913783
13.530,558.509,0.907765
13.540,558.421,0.925554
13.550,558.148,0.926788
13.560,558.296,0.920646
13.570,558.321,0.900957
13.580,556.235,0.876679
13.590,552.062,0.758404
13.600,546.985,0.486855
13.610,500.328,0.810819
13.620,496.570,0.913517
13.630,495.437,0.926141
13.640,495.073,0.942404
13.650,494.761,0.940529
13.660,494.978,0.937296
13.670,495.408,0.918524
13.680,495.605,0.915383
13.690,495.396,0.926019
13.700,495.770,0.924592
13.710,495.301,0.919729
13.720,495.129,0.906682
13.730,495.254,0.921180
13.740,495.156,0.937479
13.750,495.376,0.931188
13.760,493.623,0.883369
13.770,488.663,0.798950
13.780,480.171,0.714248
13.790,471.809,0.765709
13.800,471.538,0.744761
13.810,471.868,0.837261
13.820,470.568,0.888021
13.830,468.994,0.873488
13.840,469.466,0.849130
13.850,470.680,0.890793
13.860,469.077,0.922460
13.870,467.773,0.889356
13.880,468.935,0.920258
13.890,469.621,0.929073
13.900,468.660,0.924876
13.910,467.837,0.933458
13.920,468.109,0.944284
13.930,468.099,0.942736
13.940,467.946,0.948035
13.950,468.089,0.953778
13.960,468.163,0.957071
13.970,468.178,0.949975
13.980,467.708,0.949448
13.990,467.272,0.957333
14.000,467.947,0.954431
14.010,468.291,0.965434
14.020,467.049,0.962229
14.030,467.522,0.956610
14.040,468.471,0.966144
14.050,468.222,0.975430
14.060,468.626,0.969055
14.070,468.418,0.961700
14.080,467.821,0.967140
14.090,467.750,0.972676
14.100,468.043,0.974508
14.110,467.389,0.971549
14.120,466.967,0.970870
14.130,466.771,0.973033
14.140,466.409,0.968156
14.150,466.558,0.967379
14.160,466.513,0.969107
14.170,466.459,0.969464
14.180,466.441,0.966409
14.190,466.474,0.964484
14.200,466.805,0.970046
14.210,467.261,0.975078
14.220,467.681,0.977055
14.230,467.835,0.974828
14.240,468.182,0.973786
14.250,468.375,0.973193
14.260,468.352,0.974588
14.270,468.532,0.964885
14.280,468.156,0.959620
14.290,468.030,0.962766
14.300,467.705,0.957878
14.310,467.261,0.963597
14.320,466.667,0.961973
14.330,466.407,0.956943
14.340,465.969,0.946783
14.350,464.854,0.927121
14.360,464.951,0.929512
14.370,465.204,0.936680
14.380,465.384,0.933807
14.390,465.383,0.926273
14.400,465.600,0.929116
14.410,466.071,0.945310
14.420,466.415,0.953072
14.430,466.965,0.960192
14.440,467.296,0.967287
14.450,467.738,0.977732
14.460,468.019,0.980784
14.470,468.238,0.979561
14.480,468.342,0.978544
14.490,468.182,0.973910
14.500,467.919,0.972754
14.510,467.357,0.966450
14.520,465.396,0.935855
14.530,465.155,0.931292
14.540,465.152,0.930566
14.550,465.096,0.914302
14.560,464.653,0.884899
14.570,465.205,0.901646
14.580,465.667,0.907427
14.590,464.805,0.909855
14.600,464.243,0.914603
14.610,464.407,0.914631
14.620,464.579,0.909766
14.630,465.058,0.919740
14.640,465.595,0.936871
14.650,466.116,0.954646
14.660,466.559,0.962539
14.670,466.780,0.959327
14.680,467.061,0.955087
14.690,467.419,0.965213
14.700,467.965,0.966669
14.710,467.884,0.964672
14.720,467.475,0.963921
14.730,466.932,0.956399
14.740,467.029,0.961514
14.750,466.469,0.952011
14.760,465.607,0.924189
14.770,465.511,0.928824
14.780,465.742,0.931639
14.790,465.895,0.931715
14.800,465.162,0.916298
14.810,465.264,0.915074
14.820,465.560,0.926315
14.830,466.564,0.931136
14.840,467.546,0.942990
14.850,468.336,0.956275
14.860,468.727,0.952834
14.870,468.264,0.959543
14.880,467.848,0.959112
14.890,467.674,0.956248
14.900,467.158,0.947137
14.910,466.547,0.934393
14.920,466.821,0.933134
14.930,466.293,0.935981
14.940,467.180,0.956690
14.950,467.555,0.960097
14.960,466.748,0.950404
14.970,466.014,0.920774
14.980,466.274,0.915660
14.990,466.675,0.933751
15.000,467.089,0.938370
15.010,466.751,0.931378
15.020,467.593,0.936118
15.030,468.984,0.944764
15.040,469.875,0.906993
15.050,470.350,0.898353
15.060,470.192,0.900995
15.070,468.941,0.926952
15.080,467.808,0.932528
15.090,466.521,0.892516
15.100,466.352,0.868733
15.110,467.708,0.887329
15.120,468.280,0.907689
15.130,468.663,0.919904
15.140,468.594,0.931832
15.150,468.318,0.951158
15.160,468.638,0.939366
15.170,468.403,0.917472
15.180,469.770,0.900149
15.190,469.352,0.894434
15.200,467.977,0.923503
15.210,466.937,0.923091
15.220,466.534,0.938482
15.230,466.069,0.925473
15.240,465.888,0.901388
15.250,466.493,0.928478
15.260,465.836,0.896086
15.270,464.599,0.834507
15.280,464.791,0.836563
15.290,465.438,0.835944
15.300,464.861,0.845224
15.310,466.130,0.877816
15.320,465.935,0.879555
15.330,466.154,0.885377
15.340,466.609,0.841885
15.350,466.021,0.565080
15.360,467.473,0.631773
15.370,466.770,0.710039
15.380,469.776,0.416304
15.390,472.176,0.499819
15.400,471.183,0.488407
15.410,469.711,0.711917
15.420,466.471,0.849104
15.430,464.990,0.795962
15.440,465.707,0.810702
15.450,466.197,0.861764
15.460,465.012,0.867585
15.470,462.627,0.881540
15.480,464.113,0.865713
15.490,464.921,0.872447
15.500,466.028,0.847054
15.510,467.335,0.806369
15.520,469.086,0.705750
15.530,469.188,0.627908
15.540,468.787,0.680890
15.550,470.263,0.605900
15.560,468.986,0.353584
15.570,469.788,0.530471
15.580,468.049,0.783084
15.590,469.613,0.778905
15.600,468.480,0.768280
15.610,468.941,0.799416
15.620,470.436,0.450189
15.630,469.068,0.722288
15.640,468.387,0.731528
15.650,468.326,0.669574
15.660,469.397,0.465531
15.670,395.294,0.084706
15.680,35.873,0.041616
15.690,469.981,0.040284
15.700,472.724,0.042158
15.710,32.402,0.068717
15.720,34.339,0.470500
15.730,32.942,0.276413
15.740,32.738,0.315159
15.750,459.885,0.216693
15.760,470.394,0.466118
15.770,490.975,0.463787
15.780,491.283,0.492996
15.790,496.040,0.689073
15.800,496.883,0.707443
15.810,497.027,0.843976
15.820,496.940,0.928515
15.830,495.809,0.951866
15.840,494.604,0.965405
15.850,494.806,0.961970
15.860,494.780,0.963554
15.870,494.599,0.970709
15.880,494.224,0.972535
15.890,494.121,0.972735
15.900,494.733,0.974929
15.910,494.640,0.968418
15.920,494.154,0.959872
15.930,494.960,0.963883
15.940,495.889,0.964793
15.950,496.273,0.961755
15.960,496.671,0.959742
15.970,497.228,0.958227
15.980,497.753,0.957515
15.990,497.527,0.961520
16.000,497.511,0.961782
16.010,498.041,0.955672
16.020,498.893,0.938816
16.030,499.570,0.950579
16.040,500.021,0.958312
16.050,500.520,0.962901
16.060,500.491,0.964641
16.070,500.217,0.963086
16.080,499.877,0.958780
16.090,500.743,0.947009
16.100,503.766,0.865933
16.110,508.521,0.644580
16.120,551.166,0.615044
16.130,557.306,0.883164
16.140,560.570,0.830528
16.150,562.454,0.832394
16.160,562.842,0.781749
16.170,563.172,0.817302
16.180,563.527,0.879192
16.190,562.965,0.908171
16.200,562.140,0.897132
16.210,562.267,0.905498
16.220,561.476,0.882017
16.230,559.044,0.829827
16.240,558.918,0.827226
16.250,559.909,0.827258
16.260,560.037,0.805934
16.270,560.577,0.801325
16.280,562.215,0.826798
16.290,564.148,0.837414
16.300,565.576,0.850840
16.310,567.685,0.884891
16.320,569.094,0.870270
16.330,570.781,0.804887
16.340,573.384,0.700901
16.350,584.690,0.719334
16.360,589.884,0.874097
16.370,593.558,0.843892
16.380,596.039,0.879803
16.390,596.043,0.889193
16.400,594.423,0.878339
16.410,595.085,0.887134
16.420,595.973,0.893086
16.430,594.959,0.888868
16.440,594.360,0.877988
16.450,595.655,0.860991
16.460,596.025,0.853573
16.470,594.903,0.865572
16.480,594.202,0.864265
16.490,595.193,0.857603
16.500,595.681,0.867514
16.510,595.028,0.855034
16.520,595.246,0.806855
16.530,596.424,0.804386
16.540,591.741,0.831116
16.550,587.831,0.883195
16.560,587.753,0.827148
16.570,590.470,0.756302
16.580,587.155,0.521435
16.590,572.731,0.555298
16.600,575.633,0.583585
16.610,583.366,0.766439
16.620,583.706,0.789874
16.630,584.064,0.831432
16.640,581.463,0.829107
16.650,577.700,0.858100
16.660,574.309,0.846976
16.670,572.212,0.885979
16.680,572.991,0.864335
16.690,573.002,0.788410
16.700,563.906,0.414238
16.710,507.713,0.787852
16.720,505.444,0.905849
16.730,503.483,0.934506
16.740,501.870,0.942453
16.750,501.657,0.946280
16.760,501.776,0.942810
16.770,502.204,0.942962
16.780,501.654,0.945619
16.790,501.197,0.950977
16.800,501.558,0.942742
16.810,501.160,0.943666
16.820,500.348,0.941587
16.830,499.720,0.922153
16.840,499.050,0.900815
16.850,497.206,0.909954
16.860,491.602,0.877299
16.870,481.409,0.832415
16.880,473.619,0.900763
16.890,471.469,0.890552
16.900,471.455,0.900174
16.910,471.996,0.915399
16.920,471.966,0.936305
16.930,471.560,0.923892
16.940,472.073,0.932588
16.950,473.910,0.893370
16.960,482.430,0.772149
16.970,491.720,0.841894
16.980,496.790,0.928769
16.990,499.266,0.913685
17.000,501.095,0.943357
17.010,501.293,0.954709
17.020,501.340,0.953383
17.030,501.243,0.959810
17.040,501.366,0.960564
17.050,501.384,0.959392
17.060,501.410,0.963084
17.070,501.467,0.963782
17.080,501.427,0.957482
17.090,499.715,0.931774
17.100,497.855,0.911951
17.110,496.014,0.903147
17.120,496.092,0.787810
17.130,492.509,0.423288
17.140,302.304,0.238187
17.150,596.990,0.708852
17.160,596.893,0.815779
17.170,596.061,0.851949
17.180,595.947,0.871928
17.190,596.001,0.885255
17.200,595.717,0.880286
17.210,596.064,0.881453
17.220,596.130,0.875054
17.230,595.611,0.856813
17.240,594.589,0.826433
17.250,593.564,0.800429
17.260,592.985,0.789685
17.270,592.228,0.708337
17.280,593.271,0.559426
17.290,652.138,0.355017
17.300,659.077,0.734244
17.310,659.950,0.867360
17.320,661.345,0.903478
17.330,661.622,0.903644
17.340,661.540,0.896109
17.350,661.472,0.906493
17.360,660.207,0.900446
17.370,655.995,0.533273
17.380,600.672,0.788282
17.390,596.970,0.880780
17.400,596.876,0.900288
17.410,595.698,0.879385
17.420,594.772,0.878179
17.430,594.162,0.879125
17.440,594.113,0.901794
17.450,595.335,0.911276
17.460,595.830,0.853417
17.470,596.595,0.749440
17.480,599.573,0.616600
17.490,604.922,0.502361
17.500,596.033,0.640066
17.510,597.976,0.426186
17.520,498.658,0.514099
17.530,500.250,0.841284
17.540,500.182,0.933543
17.550,499.839,0.940628
17.560,498.680,0.936127
17.570,498.314,0.947269
17.580,498.170,0.952364
17.590,498.846,0.935114
17.600,498.441,0.942798
17.610,497.347,0.933912
17.620,495.471,0.843982
17.630,490.497,0.546591
17.640,477.088,0.565092
17.650,473.373,0.813747
17.660,472.197,0.868361
17.670,470.225,0.908772
17.680,470.934,0.896614
17.690,471.533,0.883052
17.700,468.291,0.799148
17.710,455.192,0.681795
17.720,449.214,0.807248
17.730,447.098,0.838264
17.740,445.802,0.683971
17.750,445.436,0.433860
17.760,447.533,0.332621
17.770,447.510,0.353344
17.780,445.751,0.522531
17.790,445.128,0.604865
17.800,445.291,0.853338
17.810,444.566,0.874108
17.820,439.457,0.775577
17.830,430.810,0.764309
17.840,433.223,0.621355
17.850,434.630,0.523633
17.860,422.140,0.357459
17.870,416.014,0.560280
17.880,411.289,0.734027
17.890,408.727,0.756137
17.900,406.405,0.527507
17.910,377.993,0.449295
17.920,372.813,0.617681
17.930,372.549,0.602951
17.940,373.143,0.781616
17.950,372.351,0.786186
17.960,371.195,0.765719
17.970,371.722,0.710981
17.980,371.965,0.559397
17.990,373.354,0.327156
18.000,372.465,0.372700
18.010,369.411,0.243027
18.020,297.340,0.472093
18.030,297.614,0.724567
18.040,297.800,0.874750
18.050,297.681,0.816212
18.060,298.795,0.733079
18.070,299.021,0.455068
18.080,298.679,0.345705
18.090,370.364,0.731323
18.100,370.842,0.874582
18.110,371.204,0.859191
18.120,370.326,0.648966
18.130,371.606,0.429949
18.140,414.316,0.558674
18.150,414.921,0.848732
18.160,415.699,0.890427
18.170,416.907,0.892166
18.180,416.725,0.837275
18.190,415.614,0.815531
18.200,418.589,0.685182
18.210,433.203,0.613264
18.220,439.018,0.721527
18.230,441.105,0.791930
18.240,441.538,0.817504
18.250,441.705,0.896273
18.260,441.613,0.939137
18.270,441.646,0.940155
18.280,441.906,0.921765
18.290,442.541,0.860330
18.300,443.778,0.791192
18.310,444.168,0.691111
18.320,447.329,0.637387
18.330,450.457,0.482177
18.340,450.073,0.431712
18.350,459.011,0.525019
18.360,465.538,0.594920
18.370,464.487,0.663746
18.380,465.145,0.620611
18.390,463.719,0.572602
18.400,463.229,0.604549
18.410,465.788,0.727347
18.420,466.387,0.838067
18.430,466.599,0.877570
18.440,467.083,0.895739
18.450,468.588,0.884752
18.460,468.556,0.890883
18.470,469.330,0.883539
18.480,470.699,0.903186
18.490,471.569,0.912065
18.500,471.565,0.890589
18.510,472.278,0.904608
18.520,471.482,0.926689
18.530,469.996,0.920886
18.540,469.039,0.954805
18.550,469.211,0.949918
18.560,469.966,0.912355
18.570,469.866,0.901228
18.580,469.596,0.909842
18.590,471.238,0.924709
18.600,472.681,0.954050
18.610,473.188,0.955868
18.620,473.751,0.959663
18.630,473.647,0.968485
18.640,473.104,0.970786
18.650,471.614,0.951131
18.660,470.120,0.941332
18.670,469.264,0.879068
18.680,470.478,0.634422
18.690,471.230,0.319995
18.700,623.719,0.541649
18.710,622.675,0.687754
18.720,622.924,0.524360
18.730,623.219,0.383909
18.740,624.049,0.518599
18.750,624.941,0.703204
18.760,622.701,0.735999
18.770,622.913,0.811781
18.780,623.018,0.845305
18.790,623.948,0.847224
18.800,624.602,0.758361
18.810,625.352,0.654801
18.820,625.398,0.481550
18.830,626.267,0.500924
18.840,627.461,0.598980
18.850,629.965,0.515355
18.860,630.303,0.433032
18.870,624.473,0.237052
18.880,577.178,0.598388
18.890,575.066,0.856146
18.900,573.416,0.883382
18.910,570.089,0.883239
18.920,565.520,0.890523
18.930,562.241,0.894245
18.940,561.756,0.864872
18.950,561.567,0.884272
18.960,563.555,0.884519
18.970,564.590,0.893371
18.980,567.156,0.860677
18.990,570.178,0.867687
19.000,572.901,0.759953
19.010,579.186,0.555509
19.020,623.501,0.644531
19.030,628.367,0.759335
19.040,574.209,0.550651
19.050,572.060,0.874021
19.060,569.079,0.916085
19.070,569.033,0.904156
19.080,573.569,0.900177
19.090,578.404,0.854714
19.100,579.489,0.810908
19.110,574.470,0.493982
19.120,625.833,0.684270
19.130,628.412,0.781008
19.140,625.287,0.814527
19.150,584.846,0.618162
19.160,577.974,0.873282
19.170,574.642,0.845658
19.180,575.054,0.738023
19.190,580.028,0.671039
19.200,577.836,0.573086
19.210,574.475,0.652558
19.220,575.391,0.591197
19.230,630.493,0.665841
19.240,629.471,0.797243
19.250,622.913,0.824034
19.260,595.553,0.516870
19.270,585.770,0.767019
19.280,586.835,0.643660
19.290,622.846,0.571260
19.300,629.212,0.695340
19.310,578.211,0.557050
19.320,576.748,0.851515
19.330,576.918,0.798814
19.340,477.978,0.495290
19.350,475.652,0.752925
19.360,473.903,0.889861
19.370,473.379,0.904647
19.380,472.580,0.919325
19.390,472.598,0.916274
19.400,472.153,0.930428
19.410,471.593,0.923148
19.420,471.055,0.920133
19.430,470.564,0.947469
19.440,470.500,0.951919
19.450,470.766,0.946776
19.460,471.881,0.953224
19.470,472.686,0.956432
19.480,473.792,0.950840
19.490,474.512,0.938473
19.500,474.902,0.944532
19.510,474.721,0.938633
19.520,472.345,0.919931
19.530,469.538,0.875088
19.540,470.149,0.801185
19.550,474.738,0.655501
19.560,383.700,0.327928
19.570,379.087,0.738257
19.580,377.136,0.836451
19.590,375.315,0.642981
19.600,747.535,0.708211
19.610,747.020,0.769223
19.620,747.071,0.790112
19.630,746.881,0.832576
19.640,745.975,0.875001
19.650,745.240,0.917685
19.660,745.021,0.923742
19.670,744.584,0.938446
19.680,744.828,0.935808
19.690,744.354,0.935701
19.700,745.000,0.928406
19.710,746.240,0.915608
19.720,748.310,0.905408
19.730,748.319,0.914789
19.740,748.079,0.893438
19.750,742.815,0.830279
19.760,733.807,0.548101
19.770,718.407,0.515512
19.780,723.632,0.594118
19.790,711.033,0.482846
19.800,708.596,0.513039
19.810,735.563,0.428985
19.820,740.300,0.753998
19.830,742.796,0.875419
19.840,747.164,0.867123
19.850,747.946,0.887970
19.860,747.844,0.894535
19.870,748.905,0.895851
19.880,743.780,0.854728
19.890,730.915,0.737790
19.900,719.392,0.590695
19.910,707.338,0.647767
19.920,709.127,0.662510
19.930,715.874,0.741960
19.940,712.790,0.788123
19.950,713.735,0.658032
19.960,726.111,0.606518
19.970,734.601,0.694287
19.980,749.032,0.739542
19.990,751.651,0.822048
20.000,748.509,0.814405
20.010,744.108,0.766347
20.020,729.531,0.640092
20.030,720.534,0.719963
20.040,716.778,0.791379
20.050,714.106,0.835135
20.060,711.459,0.866091
20.070,708.960,0.819704
20.080,722.921,0.522731
20.090,741.870,0.892743
20.100,746.207,0.912144
20.110,746.589,0.883144
20.120,742.426,0.791649
20.130,728.433,0.719878
20.140,723.427,0.813998
20.150,721.119,0.827005
20.160,721.441,0.757080
20.170,715.189,0.635146
20.180,706.236,0.820397
20.190,708.656,0.880662
20.200,710.261,0.866009
20.210,711.480,0.712798
20.220,737.332,0.679154
20.230,746.066,0.850454
20.240,749.165,0.903532
20.250,749.969,0.898458
20.260,751.140,0.871849
20.270,745.770,0.620385
20.280,477.566,0.249055
20.290,474.233,0.585098
20.300,473.442,0.688164
20.310,470.337,0.737417
20.320,469.359,0.766930
20.330,470.232,0.734290
20.340,473.123,0.748251
20.350,474.027,0.778066
20.360,473.633,0.834861
20.370,473.483,0.875625
20.380,472.584,0.893335
20.390,471.689,0.921344
20.400,471.114,0.905642
20.410,470.909,0.929110
20.420,471.564,0.931841
20.430,472.179,0.947902
20.440,472.561,0.936322
20.450,473.511,0.921820
20.460,473.582,0.893059
20.470,473.786,0.810841
20.480,475.037,0.654999
20.490,473.095,0.485291
20.500,355.138,0.483795
20.510,353.720,0.657839
20.520,352.648,0.829667
20.530,351.779,0.810371
20.540,351.717,0.803751
20.550,351.694,0.734324
20.560,352.040,0.755974
20.570,352.271,0.773131
20.580,352.489,0.817605
20.590,351.672,0.747554
20.600,703.237,0.783305
20.610,703.588,0.851528
20.620,703.293,0.862288
20.630,703.234,0.864679
20.640,707.616,0.575994
20.650,747.749,0.764353
20.660,749.219,0.883092
20.670,752.735,0.913702
20.680,755.076,0.906374
20.690,756.687,0.879542
20.700,758.363,0.883395
20.710,759.485,0.872070
20.720,759.644,0.891176
20.730,759.111,0.879196
20.740,755.359,0.782567
20.750,842.597,0.661121
20.760,850.171,0.814727
20.770,854.740,0.814835
20.780,856.855,0.794021
20.790,857.516,0.835055
20.800,859.265,0.805648
20.810,869.172,0.787713
20.820,875.733,0.577790
20.830,953.379,0.867030
20.840,955.279,0.926077
20.850,956.474,0.921566
20.860,956.296,0.892008
20.870,952.820,0.881780
20.880,949.874,0.874629
20.890,947.445,0.880094
20.900,942.856,0.845269
20.910,938.627,0.897804
20.920,937.233,0.939526
20.930,940.339,0.929935
20.940,943.611,0.932179
20.950,942.737,0.930958
20.960,942.209,0.926396
20.970,944.529,0.922076
20.980,947.400,0.919185
20.990,948.828,0.913525
21.000,950.312,0.833579
21.010,953.326,0.709957
21.020,958.729,0.736687
21.030,956.165,0.898612
21.040,952.679,0.916047
21.050,950.014,0.940589
21.060,948.222,0.953493
21.070,946.922,0.953487
21.080,945.908,0.945693
21.090,945.366,0.935688
21.100,945.446,0.910691
21.110,943.734,0.875465
21.120,943.120,0.893137
21.130,947.568,0.895977
21.140,953.497,0.933616
21.150,956.586,0.965926
21.160,957.543,0.968516
21.170,958.573,0.964358
21.180,959.659,0.959317
21.190,961.172,0.947315
21.200,962.181,0.930255
21.210,961.223,0.928266
21.220,959.186,0.945269
21.230,958.187,0.954646
21.240,956.545,0.951097
21.250,954.669,0.932148
21.260,953.581,0.891001
21.270,953.487,0.778610
21.280,948.214,0.743270
21.290,946.112,0.908270
21.300,946.919,0.949384
21.310,945.113,0.943504
21.320,942.249,0.931349
21.330,941.483,0.938580
21.340,941.760,0.935972
21.350,946.092,0.853738
21.360,951.586,0.901399
21.370,954.462,0.957887
21.380,955.744,0.967496
21.390,956.450,0.957013
21.400,957.653,0.932654
21.410,958.861,0.893397
21.420,960.692,0.841740
21.430,959.104,0.807739
21.440,954.344,0.896453
21.450,951.416,0.937649
21.460,949.817,0.943612
21.470,946.196,0.930554
21.480,943.477,0.899516
21.490,940.895,0.922475
21.500,944.675,0.897485
21.510,948.717,0.918314
21.520,950.309,0.928505
21.530,948.775,0.912108
21.540,947.736,0.872907
21.550,950.789,0.886552
21.560,954.072,0.939886
21.570,956.480,0.914047
21.580,958.678,0.705883
21.590,950.895,0.843894
21.600,948.414,0.935368
21.610,945.772,0.943807
21.620,943.633,0.938748
21.630,945.079,0.943830
21.640,944.243,0.942652
21.650,940.359,0.948634
21.660,940.054,0.955998
21.670,940.517,0.951718
21.680,939.672,0.958965
21.690,941.553,0.945967
21.700,947.137,0.946360
21.710,951.228,0.937950
21.720,953.152,0.949800
21.730,953.589,0.948418
21.740,955.039,0.951451
21.750,957.457,0.947315
21.760,960.470,0.931810
21.770,961.593,0.935025
21.780,961.437,0.947987
21.790,960.574,0.951085
21.800,958.650,0.946094
21.810,954.826,0.932272
21.820,949.240,0.908162
21.830,942.355,0.883088
21.840,936.589,0.952515
21.850,937.273,0.963234
21.860,941.763,0.945960
21.870,944.422,0.947646
21.880,945.381,0.952368
21.890,947.177,0.951187
21.900,950.179,0.937366
21.910,953.533,0.946715
21.920,955.895,0.960830
21.930,957.478,0.962420
21.940,959.747,0.947703
21.950,963.086,0.910982
21.960,964.728,0.918888
21.970,963.721,0.933524
21.980,960.771,0.944339
21.990,956.974,0.940383
22.000,951.622,0.895071
22.010,943.655,0.892371
22.020,937.357,0.959393
22.030,937.012,0.972627
22.040,939.363,0.966271
22.050,940.204,0.959515
22.060,940.824,0.957227
22.070,942.604,0.941081
22.080,944.365,0.930552
22.090,948.570,0.920183
22.100,955.053,0.927087
22.110,958.436,0.953627
22.120,959.956,0.963344
22.130,961.640,0.956324
22.140,962.379,0.944043
22.150,960.718,0.949341
22.160,958.729,0.954478
22.170,956.383,0.948406
22.180,952.701,0.924518
22.190,948.251,0.916199
22.200,941.786,0.909611
22.210,936.313,0.957313
22.220,934.619,0.972666
22.230,936.141,0.975740
22.240,939.528,0.965833
22.250,943.749,0.950646
22.260,947.159,0.955915
22.270,949.043,0.953539
22.280,949.993,0.951683
22.290,950.569,0.946500
22.300,951.520,0.938323
22.310,952.767,0.940580
22.320,954.741,0.942446
22.330,956.435,0.940934
22.340,957.190,0.937930
22.350,955.263,0.939102
22.360,952.709,0.934445
22.370,950.258,0.931378
22.380,947.976,0.933716
22.390,944.586,0.918785
22.400,940.017,0.945991
22.410,936.518,0.967429
22.420,937.666,0.970803
22.430,942.342,0.951422
22.440,946.107,0.959144
22.450,947.522,0.953732
22.460,948.812,0.943777
22.470,950.518,0.936112
22.480,952.351,0.925924
22.490,953.236,0.925026
22.500,952.734,0.920509
22.510,951.000,0.926498
22.520,949.770,0.930648
22.530,947.950,0.926526
22.540,945.538,0.918571
22.550,944.297,0.898663
22.560,943.648,0.889359
22.570,944.371,0.867677
22.580,947.165,0.913356
22.590,950.669,0.921649
22.600,952.071,0.920666
22.610,951.049,0.915672
22.620,950.462,0.927325
22.630,949.527,0.933186
22.640,948.010,0.933646
22.650,946.391,0.920501
22.660,944.764,0.902656
22.670,941.179,0.894924
22.680,936.025,0.940600
22.690,937.131,0.950059
22.700,943.130,0.931232
22.710,946.965,0.943264
22.720,946.229,0.886759
22.730,940.796,0.885600
22.740,937.862,0.926017
22.750,938.302,0.942562
22.760,940.807,0.946848
22.770,943.033,0.948332
22.780,944.339,0.946080
22.790,946.297,0.947394
22.800,948.110,0.936663
22.810,948.313,0.927315
22.820,945.082,0.924170
22.830,943.480,0.929344
22.840,943.012,0.927983
22.850,945.447,0.940262
22.860,948.491,0.936118
22.870,950.820,0.918651
22.880,952.343,0.910394
22.890,952.994,0.898170
22.900,952.445,0.882790
22.910,949.517,0.910112
22.920,946.533,0.919745
22.930,943.176,0.902215
22.940,940.359,0.909848
22.950,941.297,0.860785
22.960,944.355,0.773242
22.970,947.786,0.626042
22.980,948.490,0.669205
22.990,944.792,0.630242
23.000,467.980,0.620349
23.010,931.909,0.639030
23.020,933.732,0.390512
23.030,466.537,0.200610
23.040,464.635,0.279220
23.050,467.737,0.434521
23.060,469.645,0.352257
23.070,952.398,0.369663
23.080,951.052,0.462922
23.090,952.688,0.554133
23.100,952.986,0.582003
23.110,949.530,0.624370
23.120,949.517,0.748156
23.130,945.603,0.692510
23.140,949.182,0.620874
23.150,954.620,0.441486
23.160,956.146,0.384007
23.170,478.269,0.184688
23.180,475.523,0.564730
23.190,472.774,0.395550
23.200,472.041,0.313500
23.210,469.915,0.319955
23.220,939.309,0.302027
23.230,470.765,0.302301
23.240,468.567,0.241357
23.250,932.941,0.404110
23.260,466.412,0.190037
23.270,399.910,0.069499
23.280,98.503,0.076698
